<?xml version="1.0" encoding="UTF-8"?>
<spirit:component xmlns:xilinx="http://www.xilinx.com" xmlns:spirit="http://www.spiritconsortium.org/XMLSchema/SPIRIT/1685-2009" xmlns:xsi="http://www.w3.org/2001/XMLSchema-instance">
  <spirit:vendor>xilinx.com</spirit:vendor>
  <spirit:library>customized_ip</spirit:library>
  <spirit:name>mb_design_SquareRootCop_0_0</spirit:name>
  <spirit:version>1.0</spirit:version>
  <spirit:busInterfaces>
    <spirit:busInterface>
      <spirit:name>S00_AXIS</spirit:name>
      <spirit:busType spirit:vendor="xilinx.com" spirit:library="interface" spirit:name="axis" spirit:version="1.0"/>
      <spirit:abstractionType spirit:vendor="xilinx.com" spirit:library="interface" spirit:name="axis_rtl" spirit:version="1.0"/>
      <spirit:slave/>
      <spirit:portMaps>
        <spirit:portMap>
          <spirit:logicalPort>
            <spirit:name>TDATA</spirit:name>
          </spirit:logicalPort>
          <spirit:physicalPort>
            <spirit:name>s00_axis_tdata</spirit:name>
          </spirit:physicalPort>
        </spirit:portMap>
        <spirit:portMap>
          <spirit:logicalPort>
            <spirit:name>TSTRB</spirit:name>
          </spirit:logicalPort>
          <spirit:physicalPort>
            <spirit:name>s00_axis_tstrb</spirit:name>
          </spirit:physicalPort>
        </spirit:portMap>
        <spirit:portMap>
          <spirit:logicalPort>
            <spirit:name>TLAST</spirit:name>
          </spirit:logicalPort>
          <spirit:physicalPort>
            <spirit:name>s00_axis_tlast</spirit:name>
          </spirit:physicalPort>
        </spirit:portMap>
        <spirit:portMap>
          <spirit:logicalPort>
            <spirit:name>TVALID</spirit:name>
          </spirit:logicalPort>
          <spirit:physicalPort>
            <spirit:name>s00_axis_tvalid</spirit:name>
          </spirit:physicalPort>
        </spirit:portMap>
        <spirit:portMap>
          <spirit:logicalPort>
            <spirit:name>TREADY</spirit:name>
          </spirit:logicalPort>
          <spirit:physicalPort>
            <spirit:name>s00_axis_tready</spirit:name>
          </spirit:physicalPort>
        </spirit:portMap>
      </spirit:portMaps>
      <spirit:parameters>
        <spirit:parameter>
          <spirit:name>WIZ_DATA_WIDTH</spirit:name>
          <spirit:value spirit:format="long" spirit:id="BUSIFPARAM_VALUE.S00_AXIS.WIZ_DATA_WIDTH" spirit:choiceRef="choice_list_6fc15197">32</spirit:value>
        </spirit:parameter>
        <spirit:parameter>
          <spirit:name>TDATA_NUM_BYTES</spirit:name>
          <spirit:value spirit:format="long" spirit:resolve="generated" spirit:id="BUSIFPARAM_VALUE.S00_AXIS.TDATA_NUM_BYTES">4</spirit:value>
          <spirit:vendorExtensions>
            <xilinx:parameterInfo>
              <xilinx:parameterUsage>none</xilinx:parameterUsage>
            </xilinx:parameterInfo>
          </spirit:vendorExtensions>
        </spirit:parameter>
        <spirit:parameter>
          <spirit:name>TDEST_WIDTH</spirit:name>
          <spirit:value spirit:format="long" spirit:resolve="generated" spirit:id="BUSIFPARAM_VALUE.S00_AXIS.TDEST_WIDTH">0</spirit:value>
          <spirit:vendorExtensions>
            <xilinx:parameterInfo>
              <xilinx:parameterUsage>none</xilinx:parameterUsage>
            </xilinx:parameterInfo>
          </spirit:vendorExtensions>
        </spirit:parameter>
        <spirit:parameter>
          <spirit:name>TID_WIDTH</spirit:name>
          <spirit:value spirit:format="long" spirit:resolve="generated" spirit:id="BUSIFPARAM_VALUE.S00_AXIS.TID_WIDTH">0</spirit:value>
          <spirit:vendorExtensions>
            <xilinx:parameterInfo>
              <xilinx:parameterUsage>none</xilinx:parameterUsage>
            </xilinx:parameterInfo>
          </spirit:vendorExtensions>
        </spirit:parameter>
        <spirit:parameter>
          <spirit:name>TUSER_WIDTH</spirit:name>
          <spirit:value spirit:format="long" spirit:resolve="generated" spirit:id="BUSIFPARAM_VALUE.S00_AXIS.TUSER_WIDTH">0</spirit:value>
          <spirit:vendorExtensions>
            <xilinx:parameterInfo>
              <xilinx:parameterUsage>none</xilinx:parameterUsage>
            </xilinx:parameterInfo>
          </spirit:vendorExtensions>
        </spirit:parameter>
        <spirit:parameter>
          <spirit:name>HAS_TREADY</spirit:name>
          <spirit:value spirit:format="long" spirit:resolve="generated" spirit:id="BUSIFPARAM_VALUE.S00_AXIS.HAS_TREADY">1</spirit:value>
          <spirit:vendorExtensions>
            <xilinx:parameterInfo>
              <xilinx:parameterUsage>none</xilinx:parameterUsage>
            </xilinx:parameterInfo>
          </spirit:vendorExtensions>
        </spirit:parameter>
        <spirit:parameter>
          <spirit:name>HAS_TSTRB</spirit:name>
          <spirit:value spirit:format="long" spirit:resolve="generated" spirit:id="BUSIFPARAM_VALUE.S00_AXIS.HAS_TSTRB">1</spirit:value>
          <spirit:vendorExtensions>
            <xilinx:parameterInfo>
              <xilinx:parameterUsage>none</xilinx:parameterUsage>
            </xilinx:parameterInfo>
          </spirit:vendorExtensions>
        </spirit:parameter>
        <spirit:parameter>
          <spirit:name>HAS_TKEEP</spirit:name>
          <spirit:value spirit:format="long" spirit:resolve="generated" spirit:id="BUSIFPARAM_VALUE.S00_AXIS.HAS_TKEEP">0</spirit:value>
          <spirit:vendorExtensions>
            <xilinx:parameterInfo>
              <xilinx:parameterUsage>none</xilinx:parameterUsage>
            </xilinx:parameterInfo>
          </spirit:vendorExtensions>
        </spirit:parameter>
        <spirit:parameter>
          <spirit:name>HAS_TLAST</spirit:name>
          <spirit:value spirit:format="long" spirit:resolve="generated" spirit:id="BUSIFPARAM_VALUE.S00_AXIS.HAS_TLAST">1</spirit:value>
          <spirit:vendorExtensions>
            <xilinx:parameterInfo>
              <xilinx:parameterUsage>none</xilinx:parameterUsage>
            </xilinx:parameterInfo>
          </spirit:vendorExtensions>
        </spirit:parameter>
        <spirit:parameter>
          <spirit:name>FREQ_HZ</spirit:name>
          <spirit:value spirit:format="long" spirit:resolve="generated" spirit:id="BUSIFPARAM_VALUE.S00_AXIS.FREQ_HZ">100000000</spirit:value>
          <spirit:vendorExtensions>
            <xilinx:parameterInfo>
              <xilinx:parameterUsage>none</xilinx:parameterUsage>
            </xilinx:parameterInfo>
          </spirit:vendorExtensions>
        </spirit:parameter>
        <spirit:parameter>
          <spirit:name>PHASE</spirit:name>
          <spirit:value spirit:format="float" spirit:resolve="generated" spirit:id="BUSIFPARAM_VALUE.S00_AXIS.PHASE">0.0</spirit:value>
          <spirit:vendorExtensions>
            <xilinx:parameterInfo>
              <xilinx:parameterUsage>none</xilinx:parameterUsage>
            </xilinx:parameterInfo>
          </spirit:vendorExtensions>
        </spirit:parameter>
        <spirit:parameter>
          <spirit:name>CLK_DOMAIN</spirit:name>
          <spirit:value spirit:resolve="generated" spirit:id="BUSIFPARAM_VALUE.S00_AXIS.CLK_DOMAIN">/clk_wiz_1_clk_out1</spirit:value>
          <spirit:vendorExtensions>
            <xilinx:parameterInfo>
              <xilinx:parameterUsage>none</xilinx:parameterUsage>
            </xilinx:parameterInfo>
          </spirit:vendorExtensions>
        </spirit:parameter>
        <spirit:parameter>
          <spirit:name>LAYERED_METADATA</spirit:name>
          <spirit:value spirit:resolve="generated" spirit:id="BUSIFPARAM_VALUE.S00_AXIS.LAYERED_METADATA">undef</spirit:value>
          <spirit:vendorExtensions>
            <xilinx:parameterInfo>
              <xilinx:parameterUsage>none</xilinx:parameterUsage>
            </xilinx:parameterInfo>
          </spirit:vendorExtensions>
        </spirit:parameter>
        <spirit:parameter>
          <spirit:name>INSERT_VIP</spirit:name>
          <spirit:value spirit:format="long" spirit:resolve="user" spirit:id="BUSIFPARAM_VALUE.S00_AXIS.INSERT_VIP">0</spirit:value>
          <spirit:vendorExtensions>
            <xilinx:parameterInfo>
              <xilinx:parameterUsage>simulation.rtl</xilinx:parameterUsage>
            </xilinx:parameterInfo>
          </spirit:vendorExtensions>
        </spirit:parameter>
      </spirit:parameters>
    </spirit:busInterface>
    <spirit:busInterface>
      <spirit:name>M00_AXIS</spirit:name>
      <spirit:busType spirit:vendor="xilinx.com" spirit:library="interface" spirit:name="axis" spirit:version="1.0"/>
      <spirit:abstractionType spirit:vendor="xilinx.com" spirit:library="interface" spirit:name="axis_rtl" spirit:version="1.0"/>
      <spirit:master/>
      <spirit:portMaps>
        <spirit:portMap>
          <spirit:logicalPort>
            <spirit:name>TDATA</spirit:name>
          </spirit:logicalPort>
          <spirit:physicalPort>
            <spirit:name>m00_axis_tdata</spirit:name>
          </spirit:physicalPort>
        </spirit:portMap>
        <spirit:portMap>
          <spirit:logicalPort>
            <spirit:name>TSTRB</spirit:name>
          </spirit:logicalPort>
          <spirit:physicalPort>
            <spirit:name>m00_axis_tstrb</spirit:name>
          </spirit:physicalPort>
        </spirit:portMap>
        <spirit:portMap>
          <spirit:logicalPort>
            <spirit:name>TLAST</spirit:name>
          </spirit:logicalPort>
          <spirit:physicalPort>
            <spirit:name>m00_axis_tlast</spirit:name>
          </spirit:physicalPort>
        </spirit:portMap>
        <spirit:portMap>
          <spirit:logicalPort>
            <spirit:name>TVALID</spirit:name>
          </spirit:logicalPort>
          <spirit:physicalPort>
            <spirit:name>m00_axis_tvalid</spirit:name>
          </spirit:physicalPort>
        </spirit:portMap>
        <spirit:portMap>
          <spirit:logicalPort>
            <spirit:name>TREADY</spirit:name>
          </spirit:logicalPort>
          <spirit:physicalPort>
            <spirit:name>m00_axis_tready</spirit:name>
          </spirit:physicalPort>
        </spirit:portMap>
      </spirit:portMaps>
      <spirit:parameters>
        <spirit:parameter>
          <spirit:name>WIZ_DATA_WIDTH</spirit:name>
          <spirit:value spirit:format="long" spirit:id="BUSIFPARAM_VALUE.M00_AXIS.WIZ_DATA_WIDTH" spirit:choiceRef="choice_list_6fc15197">32</spirit:value>
        </spirit:parameter>
        <spirit:parameter>
          <spirit:name>TDATA_NUM_BYTES</spirit:name>
          <spirit:value spirit:format="long" spirit:resolve="generated" spirit:id="BUSIFPARAM_VALUE.M00_AXIS.TDATA_NUM_BYTES">4</spirit:value>
          <spirit:vendorExtensions>
            <xilinx:parameterInfo>
              <xilinx:parameterUsage>none</xilinx:parameterUsage>
            </xilinx:parameterInfo>
          </spirit:vendorExtensions>
        </spirit:parameter>
        <spirit:parameter>
          <spirit:name>TDEST_WIDTH</spirit:name>
          <spirit:value spirit:format="long" spirit:resolve="generated" spirit:id="BUSIFPARAM_VALUE.M00_AXIS.TDEST_WIDTH">0</spirit:value>
          <spirit:vendorExtensions>
            <xilinx:parameterInfo>
              <xilinx:parameterUsage>none</xilinx:parameterUsage>
            </xilinx:parameterInfo>
          </spirit:vendorExtensions>
        </spirit:parameter>
        <spirit:parameter>
          <spirit:name>TID_WIDTH</spirit:name>
          <spirit:value spirit:format="long" spirit:resolve="generated" spirit:id="BUSIFPARAM_VALUE.M00_AXIS.TID_WIDTH">0</spirit:value>
          <spirit:vendorExtensions>
            <xilinx:parameterInfo>
              <xilinx:parameterUsage>none</xilinx:parameterUsage>
            </xilinx:parameterInfo>
          </spirit:vendorExtensions>
        </spirit:parameter>
        <spirit:parameter>
          <spirit:name>TUSER_WIDTH</spirit:name>
          <spirit:value spirit:format="long" spirit:resolve="generated" spirit:id="BUSIFPARAM_VALUE.M00_AXIS.TUSER_WIDTH">0</spirit:value>
          <spirit:vendorExtensions>
            <xilinx:parameterInfo>
              <xilinx:parameterUsage>none</xilinx:parameterUsage>
            </xilinx:parameterInfo>
          </spirit:vendorExtensions>
        </spirit:parameter>
        <spirit:parameter>
          <spirit:name>HAS_TREADY</spirit:name>
          <spirit:value spirit:format="long" spirit:resolve="generated" spirit:id="BUSIFPARAM_VALUE.M00_AXIS.HAS_TREADY">1</spirit:value>
          <spirit:vendorExtensions>
            <xilinx:parameterInfo>
              <xilinx:parameterUsage>none</xilinx:parameterUsage>
            </xilinx:parameterInfo>
          </spirit:vendorExtensions>
        </spirit:parameter>
        <spirit:parameter>
          <spirit:name>HAS_TSTRB</spirit:name>
          <spirit:value spirit:format="long" spirit:resolve="generated" spirit:id="BUSIFPARAM_VALUE.M00_AXIS.HAS_TSTRB">1</spirit:value>
          <spirit:vendorExtensions>
            <xilinx:parameterInfo>
              <xilinx:parameterUsage>none</xilinx:parameterUsage>
            </xilinx:parameterInfo>
          </spirit:vendorExtensions>
        </spirit:parameter>
        <spirit:parameter>
          <spirit:name>HAS_TKEEP</spirit:name>
          <spirit:value spirit:format="long" spirit:resolve="generated" spirit:id="BUSIFPARAM_VALUE.M00_AXIS.HAS_TKEEP">0</spirit:value>
          <spirit:vendorExtensions>
            <xilinx:parameterInfo>
              <xilinx:parameterUsage>none</xilinx:parameterUsage>
            </xilinx:parameterInfo>
          </spirit:vendorExtensions>
        </spirit:parameter>
        <spirit:parameter>
          <spirit:name>HAS_TLAST</spirit:name>
          <spirit:value spirit:format="long" spirit:resolve="generated" spirit:id="BUSIFPARAM_VALUE.M00_AXIS.HAS_TLAST">1</spirit:value>
          <spirit:vendorExtensions>
            <xilinx:parameterInfo>
              <xilinx:parameterUsage>none</xilinx:parameterUsage>
            </xilinx:parameterInfo>
          </spirit:vendorExtensions>
        </spirit:parameter>
        <spirit:parameter>
          <spirit:name>FREQ_HZ</spirit:name>
          <spirit:value spirit:format="long" spirit:resolve="generated" spirit:id="BUSIFPARAM_VALUE.M00_AXIS.FREQ_HZ">100000000</spirit:value>
          <spirit:vendorExtensions>
            <xilinx:parameterInfo>
              <xilinx:parameterUsage>none</xilinx:parameterUsage>
            </xilinx:parameterInfo>
          </spirit:vendorExtensions>
        </spirit:parameter>
        <spirit:parameter>
          <spirit:name>PHASE</spirit:name>
          <spirit:value spirit:format="float" spirit:resolve="generated" spirit:id="BUSIFPARAM_VALUE.M00_AXIS.PHASE">0.0</spirit:value>
          <spirit:vendorExtensions>
            <xilinx:parameterInfo>
              <xilinx:parameterUsage>none</xilinx:parameterUsage>
            </xilinx:parameterInfo>
          </spirit:vendorExtensions>
        </spirit:parameter>
        <spirit:parameter>
          <spirit:name>CLK_DOMAIN</spirit:name>
          <spirit:value spirit:resolve="generated" spirit:id="BUSIFPARAM_VALUE.M00_AXIS.CLK_DOMAIN">/clk_wiz_1_clk_out1</spirit:value>
          <spirit:vendorExtensions>
            <xilinx:parameterInfo>
              <xilinx:parameterUsage>none</xilinx:parameterUsage>
            </xilinx:parameterInfo>
          </spirit:vendorExtensions>
        </spirit:parameter>
        <spirit:parameter>
          <spirit:name>LAYERED_METADATA</spirit:name>
          <spirit:value spirit:resolve="generated" spirit:id="BUSIFPARAM_VALUE.M00_AXIS.LAYERED_METADATA">undef</spirit:value>
          <spirit:vendorExtensions>
            <xilinx:parameterInfo>
              <xilinx:parameterUsage>none</xilinx:parameterUsage>
            </xilinx:parameterInfo>
          </spirit:vendorExtensions>
        </spirit:parameter>
        <spirit:parameter>
          <spirit:name>INSERT_VIP</spirit:name>
          <spirit:value spirit:format="long" spirit:resolve="user" spirit:id="BUSIFPARAM_VALUE.M00_AXIS.INSERT_VIP">0</spirit:value>
          <spirit:vendorExtensions>
            <xilinx:parameterInfo>
              <xilinx:parameterUsage>simulation.rtl</xilinx:parameterUsage>
            </xilinx:parameterInfo>
          </spirit:vendorExtensions>
        </spirit:parameter>
      </spirit:parameters>
    </spirit:busInterface>
    <spirit:busInterface>
      <spirit:name>S00_AXIS_RST</spirit:name>
      <spirit:busType spirit:vendor="xilinx.com" spirit:library="signal" spirit:name="reset" spirit:version="1.0"/>
      <spirit:abstractionType spirit:vendor="xilinx.com" spirit:library="signal" spirit:name="reset_rtl" spirit:version="1.0"/>
      <spirit:slave/>
      <spirit:portMaps>
        <spirit:portMap>
          <spirit:logicalPort>
            <spirit:name>RST</spirit:name>
          </spirit:logicalPort>
          <spirit:physicalPort>
            <spirit:name>s00_axis_aresetn</spirit:name>
          </spirit:physicalPort>
        </spirit:portMap>
      </spirit:portMaps>
      <spirit:parameters>
        <spirit:parameter>
          <spirit:name>POLARITY</spirit:name>
          <spirit:value spirit:id="BUSIFPARAM_VALUE.S00_AXIS_RST.POLARITY" spirit:choiceRef="choice_list_9d8b0d81">ACTIVE_LOW</spirit:value>
        </spirit:parameter>
        <spirit:parameter>
          <spirit:name>INSERT_VIP</spirit:name>
          <spirit:value spirit:format="long" spirit:resolve="user" spirit:id="BUSIFPARAM_VALUE.S00_AXIS_RST.INSERT_VIP">0</spirit:value>
          <spirit:vendorExtensions>
            <xilinx:parameterInfo>
              <xilinx:parameterUsage>simulation.rtl</xilinx:parameterUsage>
            </xilinx:parameterInfo>
          </spirit:vendorExtensions>
        </spirit:parameter>
      </spirit:parameters>
    </spirit:busInterface>
    <spirit:busInterface>
      <spirit:name>S00_AXIS_CLK</spirit:name>
      <spirit:busType spirit:vendor="xilinx.com" spirit:library="signal" spirit:name="clock" spirit:version="1.0"/>
      <spirit:abstractionType spirit:vendor="xilinx.com" spirit:library="signal" spirit:name="clock_rtl" spirit:version="1.0"/>
      <spirit:slave/>
      <spirit:portMaps>
        <spirit:portMap>
          <spirit:logicalPort>
            <spirit:name>CLK</spirit:name>
          </spirit:logicalPort>
          <spirit:physicalPort>
            <spirit:name>s00_axis_aclk</spirit:name>
          </spirit:physicalPort>
        </spirit:portMap>
      </spirit:portMaps>
      <spirit:parameters>
        <spirit:parameter>
          <spirit:name>ASSOCIATED_BUSIF</spirit:name>
          <spirit:value spirit:id="BUSIFPARAM_VALUE.S00_AXIS_CLK.ASSOCIATED_BUSIF">S00_AXIS</spirit:value>
        </spirit:parameter>
        <spirit:parameter>
          <spirit:name>ASSOCIATED_RESET</spirit:name>
          <spirit:value spirit:id="BUSIFPARAM_VALUE.S00_AXIS_CLK.ASSOCIATED_RESET">s00_axis_aresetn</spirit:value>
        </spirit:parameter>
        <spirit:parameter>
          <spirit:name>FREQ_HZ</spirit:name>
          <spirit:value spirit:format="long" spirit:resolve="generated" spirit:id="BUSIFPARAM_VALUE.S00_AXIS_CLK.FREQ_HZ">100000000</spirit:value>
          <spirit:vendorExtensions>
            <xilinx:parameterInfo>
              <xilinx:parameterUsage>none</xilinx:parameterUsage>
            </xilinx:parameterInfo>
          </spirit:vendorExtensions>
        </spirit:parameter>
        <spirit:parameter>
          <spirit:name>PHASE</spirit:name>
          <spirit:value spirit:format="float" spirit:resolve="generated" spirit:id="BUSIFPARAM_VALUE.S00_AXIS_CLK.PHASE">0.0</spirit:value>
          <spirit:vendorExtensions>
            <xilinx:parameterInfo>
              <xilinx:parameterUsage>none</xilinx:parameterUsage>
            </xilinx:parameterInfo>
          </spirit:vendorExtensions>
        </spirit:parameter>
        <spirit:parameter>
          <spirit:name>CLK_DOMAIN</spirit:name>
          <spirit:value spirit:resolve="generated" spirit:id="BUSIFPARAM_VALUE.S00_AXIS_CLK.CLK_DOMAIN">/clk_wiz_1_clk_out1</spirit:value>
          <spirit:vendorExtensions>
            <xilinx:parameterInfo>
              <xilinx:parameterUsage>none</xilinx:parameterUsage>
            </xilinx:parameterInfo>
          </spirit:vendorExtensions>
        </spirit:parameter>
        <spirit:parameter>
          <spirit:name>INSERT_VIP</spirit:name>
          <spirit:value spirit:format="long" spirit:resolve="user" spirit:id="BUSIFPARAM_VALUE.S00_AXIS_CLK.INSERT_VIP">0</spirit:value>
          <spirit:vendorExtensions>
            <xilinx:parameterInfo>
              <xilinx:parameterUsage>simulation.rtl</xilinx:parameterUsage>
            </xilinx:parameterInfo>
          </spirit:vendorExtensions>
        </spirit:parameter>
      </spirit:parameters>
    </spirit:busInterface>
    <spirit:busInterface>
      <spirit:name>M00_AXIS_RST</spirit:name>
      <spirit:busType spirit:vendor="xilinx.com" spirit:library="signal" spirit:name="reset" spirit:version="1.0"/>
      <spirit:abstractionType spirit:vendor="xilinx.com" spirit:library="signal" spirit:name="reset_rtl" spirit:version="1.0"/>
      <spirit:slave/>
      <spirit:portMaps>
        <spirit:portMap>
          <spirit:logicalPort>
            <spirit:name>RST</spirit:name>
          </spirit:logicalPort>
          <spirit:physicalPort>
            <spirit:name>m00_axis_aresetn</spirit:name>
          </spirit:physicalPort>
        </spirit:portMap>
      </spirit:portMaps>
      <spirit:parameters>
        <spirit:parameter>
          <spirit:name>POLARITY</spirit:name>
          <spirit:value spirit:id="BUSIFPARAM_VALUE.M00_AXIS_RST.POLARITY" spirit:choiceRef="choice_list_9d8b0d81">ACTIVE_LOW</spirit:value>
        </spirit:parameter>
        <spirit:parameter>
          <spirit:name>INSERT_VIP</spirit:name>
          <spirit:value spirit:format="long" spirit:resolve="user" spirit:id="BUSIFPARAM_VALUE.M00_AXIS_RST.INSERT_VIP">0</spirit:value>
          <spirit:vendorExtensions>
            <xilinx:parameterInfo>
              <xilinx:parameterUsage>simulation.rtl</xilinx:parameterUsage>
            </xilinx:parameterInfo>
          </spirit:vendorExtensions>
        </spirit:parameter>
      </spirit:parameters>
    </spirit:busInterface>
    <spirit:busInterface>
      <spirit:name>M00_AXIS_CLK</spirit:name>
      <spirit:busType spirit:vendor="xilinx.com" spirit:library="signal" spirit:name="clock" spirit:version="1.0"/>
      <spirit:abstractionType spirit:vendor="xilinx.com" spirit:library="signal" spirit:name="clock_rtl" spirit:version="1.0"/>
      <spirit:slave/>
      <spirit:portMaps>
        <spirit:portMap>
          <spirit:logicalPort>
            <spirit:name>CLK</spirit:name>
          </spirit:logicalPort>
          <spirit:physicalPort>
            <spirit:name>m00_axis_aclk</spirit:name>
          </spirit:physicalPort>
        </spirit:portMap>
      </spirit:portMaps>
      <spirit:parameters>
        <spirit:parameter>
          <spirit:name>ASSOCIATED_BUSIF</spirit:name>
          <spirit:value spirit:id="BUSIFPARAM_VALUE.M00_AXIS_CLK.ASSOCIATED_BUSIF">M00_AXIS</spirit:value>
        </spirit:parameter>
        <spirit:parameter>
          <spirit:name>ASSOCIATED_RESET</spirit:name>
          <spirit:value spirit:id="BUSIFPARAM_VALUE.M00_AXIS_CLK.ASSOCIATED_RESET">m00_axis_aresetn</spirit:value>
        </spirit:parameter>
        <spirit:parameter>
          <spirit:name>FREQ_HZ</spirit:name>
          <spirit:value spirit:format="long" spirit:resolve="generated" spirit:id="BUSIFPARAM_VALUE.M00_AXIS_CLK.FREQ_HZ">100000000</spirit:value>
          <spirit:vendorExtensions>
            <xilinx:parameterInfo>
              <xilinx:parameterUsage>none</xilinx:parameterUsage>
            </xilinx:parameterInfo>
          </spirit:vendorExtensions>
        </spirit:parameter>
        <spirit:parameter>
          <spirit:name>PHASE</spirit:name>
          <spirit:value spirit:format="float" spirit:resolve="generated" spirit:id="BUSIFPARAM_VALUE.M00_AXIS_CLK.PHASE">0.0</spirit:value>
          <spirit:vendorExtensions>
            <xilinx:parameterInfo>
              <xilinx:parameterUsage>none</xilinx:parameterUsage>
            </xilinx:parameterInfo>
          </spirit:vendorExtensions>
        </spirit:parameter>
        <spirit:parameter>
          <spirit:name>CLK_DOMAIN</spirit:name>
          <spirit:value spirit:resolve="generated" spirit:id="BUSIFPARAM_VALUE.M00_AXIS_CLK.CLK_DOMAIN">/clk_wiz_1_clk_out1</spirit:value>
          <spirit:vendorExtensions>
            <xilinx:parameterInfo>
              <xilinx:parameterUsage>none</xilinx:parameterUsage>
            </xilinx:parameterInfo>
          </spirit:vendorExtensions>
        </spirit:parameter>
        <spirit:parameter>
          <spirit:name>INSERT_VIP</spirit:name>
          <spirit:value spirit:format="long" spirit:resolve="user" spirit:id="BUSIFPARAM_VALUE.M00_AXIS_CLK.INSERT_VIP">0</spirit:value>
          <spirit:vendorExtensions>
            <xilinx:parameterInfo>
              <xilinx:parameterUsage>simulation.rtl</xilinx:parameterUsage>
            </xilinx:parameterInfo>
          </spirit:vendorExtensions>
        </spirit:parameter>
      </spirit:parameters>
    </spirit:busInterface>
  </spirit:busInterfaces>
  <spirit:model>
    <spirit:ports>
      <spirit:port>
        <spirit:name>s00_axis_aclk</spirit:name>
        <spirit:wire>
          <spirit:direction>in</spirit:direction>
          <spirit:wireTypeDefs>
            <spirit:wireTypeDef>
              <spirit:typeName>std_logic</spirit:typeName>
              <spirit:viewNameRef>dummy_view</spirit:viewNameRef>
            </spirit:wireTypeDef>
          </spirit:wireTypeDefs>
        </spirit:wire>
      </spirit:port>
      <spirit:port>
        <spirit:name>s00_axis_aresetn</spirit:name>
        <spirit:wire>
          <spirit:direction>in</spirit:direction>
          <spirit:wireTypeDefs>
            <spirit:wireTypeDef>
              <spirit:typeName>std_logic</spirit:typeName>
              <spirit:viewNameRef>dummy_view</spirit:viewNameRef>
            </spirit:wireTypeDef>
          </spirit:wireTypeDefs>
        </spirit:wire>
      </spirit:port>
      <spirit:port>
        <spirit:name>s00_axis_tready</spirit:name>
        <spirit:wire>
          <spirit:direction>out</spirit:direction>
          <spirit:wireTypeDefs>
            <spirit:wireTypeDef>
              <spirit:typeName>std_logic</spirit:typeName>
              <spirit:viewNameRef>dummy_view</spirit:viewNameRef>
            </spirit:wireTypeDef>
          </spirit:wireTypeDefs>
        </spirit:wire>
      </spirit:port>
      <spirit:port>
        <spirit:name>s00_axis_tdata</spirit:name>
        <spirit:wire>
          <spirit:direction>in</spirit:direction>
          <spirit:vector>
            <spirit:left spirit:format="long" spirit:resolve="dependent" spirit:dependency="(spirit:decode(id(&apos;MODELPARAM_VALUE.C_S00_AXIS_TDATA_WIDTH&apos;)) - 1)">31</spirit:left>
            <spirit:right spirit:format="long">0</spirit:right>
          </spirit:vector>
          <spirit:wireTypeDefs>
            <spirit:wireTypeDef>
              <spirit:typeName>std_logic_vector</spirit:typeName>
              <spirit:viewNameRef>dummy_view</spirit:viewNameRef>
            </spirit:wireTypeDef>
          </spirit:wireTypeDefs>
        </spirit:wire>
      </spirit:port>
      <spirit:port>
        <spirit:name>s00_axis_tstrb</spirit:name>
        <spirit:wire>
          <spirit:direction>in</spirit:direction>
          <spirit:vector>
            <spirit:left spirit:format="long" spirit:resolve="dependent" spirit:dependency="((spirit:decode(id(&apos;MODELPARAM_VALUE.C_S00_AXIS_TDATA_WIDTH&apos;)) / 8) - 1)">3</spirit:left>
            <spirit:right spirit:format="long">0</spirit:right>
          </spirit:vector>
          <spirit:wireTypeDefs>
            <spirit:wireTypeDef>
              <spirit:typeName>std_logic_vector</spirit:typeName>
              <spirit:viewNameRef>dummy_view</spirit:viewNameRef>
            </spirit:wireTypeDef>
          </spirit:wireTypeDefs>
        </spirit:wire>
      </spirit:port>
      <spirit:port>
        <spirit:name>s00_axis_tlast</spirit:name>
        <spirit:wire>
          <spirit:direction>in</spirit:direction>
          <spirit:wireTypeDefs>
            <spirit:wireTypeDef>
              <spirit:typeName>std_logic</spirit:typeName>
              <spirit:viewNameRef>dummy_view</spirit:viewNameRef>
            </spirit:wireTypeDef>
          </spirit:wireTypeDefs>
        </spirit:wire>
      </spirit:port>
      <spirit:port>
        <spirit:name>s00_axis_tvalid</spirit:name>
        <spirit:wire>
          <spirit:direction>in</spirit:direction>
          <spirit:wireTypeDefs>
            <spirit:wireTypeDef>
              <spirit:typeName>std_logic</spirit:typeName>
              <spirit:viewNameRef>dummy_view</spirit:viewNameRef>
            </spirit:wireTypeDef>
          </spirit:wireTypeDefs>
        </spirit:wire>
      </spirit:port>
      <spirit:port>
        <spirit:name>m00_axis_aclk</spirit:name>
        <spirit:wire>
          <spirit:direction>in</spirit:direction>
          <spirit:wireTypeDefs>
            <spirit:wireTypeDef>
              <spirit:typeName>std_logic</spirit:typeName>
              <spirit:viewNameRef>dummy_view</spirit:viewNameRef>
            </spirit:wireTypeDef>
          </spirit:wireTypeDefs>
        </spirit:wire>
      </spirit:port>
      <spirit:port>
        <spirit:name>m00_axis_aresetn</spirit:name>
        <spirit:wire>
          <spirit:direction>in</spirit:direction>
          <spirit:wireTypeDefs>
            <spirit:wireTypeDef>
              <spirit:typeName>std_logic</spirit:typeName>
              <spirit:viewNameRef>dummy_view</spirit:viewNameRef>
            </spirit:wireTypeDef>
          </spirit:wireTypeDefs>
        </spirit:wire>
      </spirit:port>
      <spirit:port>
        <spirit:name>m00_axis_tvalid</spirit:name>
        <spirit:wire>
          <spirit:direction>out</spirit:direction>
          <spirit:wireTypeDefs>
            <spirit:wireTypeDef>
              <spirit:typeName>std_logic</spirit:typeName>
              <spirit:viewNameRef>dummy_view</spirit:viewNameRef>
            </spirit:wireTypeDef>
          </spirit:wireTypeDefs>
        </spirit:wire>
      </spirit:port>
      <spirit:port>
        <spirit:name>m00_axis_tdata</spirit:name>
        <spirit:wire>
          <spirit:direction>out</spirit:direction>
          <spirit:vector>
            <spirit:left spirit:format="long" spirit:resolve="dependent" spirit:dependency="(spirit:decode(id(&apos;MODELPARAM_VALUE.C_M00_AXIS_TDATA_WIDTH&apos;)) - 1)">31</spirit:left>
            <spirit:right spirit:format="long">0</spirit:right>
          </spirit:vector>
          <spirit:wireTypeDefs>
            <spirit:wireTypeDef>
              <spirit:typeName>std_logic_vector</spirit:typeName>
              <spirit:viewNameRef>dummy_view</spirit:viewNameRef>
            </spirit:wireTypeDef>
          </spirit:wireTypeDefs>
        </spirit:wire>
      </spirit:port>
      <spirit:port>
        <spirit:name>m00_axis_tstrb</spirit:name>
        <spirit:wire>
          <spirit:direction>out</spirit:direction>
          <spirit:vector>
            <spirit:left spirit:format="long" spirit:resolve="dependent" spirit:dependency="((spirit:decode(id(&apos;MODELPARAM_VALUE.C_M00_AXIS_TDATA_WIDTH&apos;)) / 8) - 1)">3</spirit:left>
            <spirit:right spirit:format="long">0</spirit:right>
          </spirit:vector>
          <spirit:wireTypeDefs>
            <spirit:wireTypeDef>
              <spirit:typeName>std_logic_vector</spirit:typeName>
              <spirit:viewNameRef>dummy_view</spirit:viewNameRef>
            </spirit:wireTypeDef>
          </spirit:wireTypeDefs>
        </spirit:wire>
      </spirit:port>
      <spirit:port>
        <spirit:name>m00_axis_tlast</spirit:name>
        <spirit:wire>
          <spirit:direction>out</spirit:direction>
          <spirit:wireTypeDefs>
            <spirit:wireTypeDef>
              <spirit:typeName>std_logic</spirit:typeName>
              <spirit:viewNameRef>dummy_view</spirit:viewNameRef>
            </spirit:wireTypeDef>
          </spirit:wireTypeDefs>
        </spirit:wire>
      </spirit:port>
      <spirit:port>
        <spirit:name>m00_axis_tready</spirit:name>
        <spirit:wire>
          <spirit:direction>in</spirit:direction>
          <spirit:wireTypeDefs>
            <spirit:wireTypeDef>
              <spirit:typeName>std_logic</spirit:typeName>
              <spirit:viewNameRef>dummy_view</spirit:viewNameRef>
            </spirit:wireTypeDef>
          </spirit:wireTypeDefs>
        </spirit:wire>
      </spirit:port>
    </spirit:ports>
    <spirit:modelParameters>
      <spirit:modelParameter xsi:type="spirit:nameValueTypeType" spirit:dataType="integer">
        <spirit:name>C_S00_AXIS_TDATA_WIDTH</spirit:name>
        <spirit:displayName>C S00 AXIS TDATA WIDTH</spirit:displayName>
        <spirit:description>AXI4Stream sink: Data Width</spirit:description>
        <spirit:value spirit:format="long" spirit:resolve="generated" spirit:id="MODELPARAM_VALUE.C_S00_AXIS_TDATA_WIDTH" spirit:order="3" spirit:rangeType="long">32</spirit:value>
      </spirit:modelParameter>
      <spirit:modelParameter spirit:dataType="integer">
        <spirit:name>C_M00_AXIS_TDATA_WIDTH</spirit:name>
        <spirit:displayName>C M00 AXIS TDATA WIDTH</spirit:displayName>
        <spirit:description>Width of S_AXIS address bus. The slave accepts the read and write addresses of width C_M_AXIS_TDATA_WIDTH.</spirit:description>
        <spirit:value spirit:format="long" spirit:resolve="generated" spirit:id="MODELPARAM_VALUE.C_M00_AXIS_TDATA_WIDTH" spirit:order="4" spirit:rangeType="long">32</spirit:value>
      </spirit:modelParameter>
    </spirit:modelParameters>
  </spirit:model>
  <spirit:choices>
    <spirit:choice>
      <spirit:name>choice_list_6fc15197</spirit:name>
      <spirit:enumeration>32</spirit:enumeration>
    </spirit:choice>
    <spirit:choice>
      <spirit:name>choice_list_9d8b0d81</spirit:name>
      <spirit:enumeration>ACTIVE_HIGH</spirit:enumeration>
      <spirit:enumeration>ACTIVE_LOW</spirit:enumeration>
    </spirit:choice>
  </spirit:choices>
  <spirit:description>A FPGA Based Square-Root Approximation Coprocessor</spirit:description>
  <spirit:parameters>
    <spirit:parameter>
      <spirit:name>C_S00_AXIS_TDATA_WIDTH</spirit:name>
      <spirit:displayName>C S00 AXIS TDATA WIDTH</spirit:displayName>
      <spirit:description>AXI4Stream sink: Data Width</spirit:description>
      <spirit:value spirit:format="long" spirit:resolve="user" spirit:id="PARAM_VALUE.C_S00_AXIS_TDATA_WIDTH" spirit:choiceRef="choice_list_6fc15197" spirit:order="3">32</spirit:value>
      <spirit:vendorExtensions>
        <xilinx:parameterInfo>
          <xilinx:enablement>
            <xilinx:isEnabled xilinx:id="PARAM_ENABLEMENT.C_S00_AXIS_TDATA_WIDTH">false</xilinx:isEnabled>
          </xilinx:enablement>
        </xilinx:parameterInfo>
      </spirit:vendorExtensions>
    </spirit:parameter>
    <spirit:parameter>
      <spirit:name>C_M00_AXIS_TDATA_WIDTH</spirit:name>
      <spirit:displayName>C M00 AXIS TDATA WIDTH</spirit:displayName>
      <spirit:description>Width of S_AXIS address bus. The slave accepts the read and write addresses of width C_M_AXIS_TDATA_WIDTH.</spirit:description>
      <spirit:value spirit:format="long" spirit:resolve="user" spirit:id="PARAM_VALUE.C_M00_AXIS_TDATA_WIDTH" spirit:choiceRef="choice_list_6fc15197" spirit:order="4">32</spirit:value>
      <spirit:vendorExtensions>
        <xilinx:parameterInfo>
          <xilinx:enablement>
            <xilinx:isEnabled xilinx:id="PARAM_ENABLEMENT.C_M00_AXIS_TDATA_WIDTH">false</xilinx:isEnabled>
          </xilinx:enablement>
        </xilinx:parameterInfo>
      </spirit:vendorExtensions>
    </spirit:parameter>
    <spirit:parameter>
      <spirit:name>Component_Name</spirit:name>
      <spirit:value spirit:resolve="user" spirit:id="PARAM_VALUE.Component_Name" spirit:order="1">mb_design_SquareRootCop_0_0</spirit:value>
    </spirit:parameter>
  </spirit:parameters>
  <spirit:vendorExtensions>
    <xilinx:coreExtensions>
      <xilinx:displayName>SquareRootCop_v1.0</xilinx:displayName>
      <xilinx:coreRevision>6</xilinx:coreRevision>
      <xilinx:tags>
        <xilinx:tag xilinx:name="ui.data.coregen.dd@742116e1_ARCHIVE_LOCATION">c:/Users/Pedro/Dropbox/UA/CR/Project/CR-Project/ip_repo/SquareRootCop_1.0</xilinx:tag>
        <xilinx:tag xilinx:name="ui.data.coregen.dd@1a3c01db_ARCHIVE_LOCATION">c:/Users/Pedro/Dropbox/UA/CR/Project/CR-Project/ip_repo/SquareRootCop_1.0</xilinx:tag>
        <xilinx:tag xilinx:name="ui.data.coregen.dd@41371858_ARCHIVE_LOCATION">c:/Users/Pedro/Dropbox/UA/CR/Project/CR-Project/ip_repo/SquareRootCop_1.0</xilinx:tag>
        <xilinx:tag xilinx:name="ui.data.coregen.dd@6cec6c6f_ARCHIVE_LOCATION">c:/Users/Pedro/Dropbox/UA/CR/Project/CR-Project/ip_repo/SquareRootCop_1.0</xilinx:tag>
        <xilinx:tag xilinx:name="ui.data.coregen.dd@707dad32_ARCHIVE_LOCATION">c:/Users/Pedro/Dropbox/UA/CR/Project/CR-Project/ip_repo/SquareRootCop_1.0</xilinx:tag>
        <xilinx:tag xilinx:name="ui.data.coregen.dd@5cf3f6cb_ARCHIVE_LOCATION">c:/Users/Pedro/Dropbox/UA/CR/Project/CR-Project/ip_repo/SquareRootCop_1.0</xilinx:tag>
        <xilinx:tag xilinx:name="ui.data.coregen.dd@294b6faa_ARCHIVE_LOCATION">c:/Users/Pedro/Dropbox/UA/CR/Project/CR-Project/ip_repo/SquareRootCop_1.0</xilinx:tag>
        <xilinx:tag xilinx:name="ui.data.coregen.dd@32e3e3b5_ARCHIVE_LOCATION">c:/Users/Pedro/Dropbox/UA/CR/Project/CR-Project/ip_repo/SquareRootCop_1.0</xilinx:tag>
        <xilinx:tag xilinx:name="ui.data.coregen.dd@13820d59_ARCHIVE_LOCATION">c:/Users/Pedro/Dropbox/UA/CR/Project/CR-Project/ip_repo/SquareRootCop_1.0</xilinx:tag>
        <xilinx:tag xilinx:name="ui.data.coregen.dd@7a48527_ARCHIVE_LOCATION">c:/Users/Pedro/Dropbox/UA/CR/Project/CR-Project/ip_repo/SquareRootCop_1.0</xilinx:tag>
        <xilinx:tag xilinx:name="ui.data.coregen.dd@5e8bc98e_ARCHIVE_LOCATION">c:/Users/Pedro/Dropbox/UA/CR/Project/CR-Project/ip_repo/SquareRootCop_1.0</xilinx:tag>
        <xilinx:tag xilinx:name="ui.data.coregen.dd@650d94df_ARCHIVE_LOCATION">c:/Users/Pedro/Dropbox/UA/CR/Project/CR-Project/ip_repo/SquareRootCop_1.0</xilinx:tag>
        <xilinx:tag xilinx:name="ui.data.coregen.dd@44c50c4_ARCHIVE_LOCATION">c:/Users/Pedro/Dropbox/UA/CR/Project/CR-Project/ip_repo/SquareRootCop_1.0</xilinx:tag>
        <xilinx:tag xilinx:name="ui.data.coregen.dd@2ffd7eee_ARCHIVE_LOCATION">c:/Users/Pedro/Dropbox/UA/CR/Project/CR-Project/ip_repo/SquareRootCop_1.0</xilinx:tag>
        <xilinx:tag xilinx:name="ui.data.coregen.dd@23c86ede_ARCHIVE_LOCATION">c:/Users/Pedro/Dropbox/UA/CR/Project/CR-Project/ip_repo/SquareRootCop_1.0</xilinx:tag>
        <xilinx:tag xilinx:name="ui.data.coregen.dd@35dce748_ARCHIVE_LOCATION">c:/Users/Pedro/Dropbox/UA/CR/Project/CR-Project/ip_repo/SquareRootCop_1.0</xilinx:tag>
        <xilinx:tag xilinx:name="ui.data.coregen.dd@32aac4fb_ARCHIVE_LOCATION">c:/Users/Pedro/Dropbox/UA/CR/Project/CR-Project/ip_repo/SquareRootCop_1.0</xilinx:tag>
        <xilinx:tag xilinx:name="ui.data.coregen.dd@69b19e11_ARCHIVE_LOCATION">c:/Users/Pedro/Dropbox/UA/CR/Project/CR-Project/ip_repo/SquareRootCop_1.0</xilinx:tag>
        <xilinx:tag xilinx:name="ui.data.coregen.dd@320dd840_ARCHIVE_LOCATION">c:/Users/Pedro/Dropbox/UA/CR/Project/CR-Project/ip_repo/SquareRootCop_1.0</xilinx:tag>
        <xilinx:tag xilinx:name="ui.data.coregen.dd@3d32c72a_ARCHIVE_LOCATION">c:/Users/Pedro/Dropbox/UA/CR/Project/CR-Project/ip_repo/SquareRootCop_1.0</xilinx:tag>
        <xilinx:tag xilinx:name="ui.data.coregen.dd@86f18a0_ARCHIVE_LOCATION">c:/Users/Pedro/Dropbox/UA/CR/Project/CR-Project/ip_repo/SquareRootCop_1.0</xilinx:tag>
        <xilinx:tag xilinx:name="ui.data.coregen.dd@15dabadb_ARCHIVE_LOCATION">c:/Users/Pedro/Dropbox/UA/CR/Project/CR-Project/ip_repo/SquareRootCop_1.0</xilinx:tag>
        <xilinx:tag xilinx:name="ui.data.coregen.dd@6ec7ef71_ARCHIVE_LOCATION">c:/Users/Pedro/Dropbox/UA/CR/Project/CR-Project/ip_repo/SquareRootCop_1.0</xilinx:tag>
        <xilinx:tag xilinx:name="ui.data.coregen.dd@4b8745f3_ARCHIVE_LOCATION">c:/Users/Pedro/Dropbox/UA/CR/Project/CR-Project/ip_repo/SquareRootCop_1.0</xilinx:tag>
        <xilinx:tag xilinx:name="ui.data.coregen.dd@450dbcb8_ARCHIVE_LOCATION">c:/Users/Pedro/Dropbox/UA/CR/Project/CR-Project/ip_repo/SquareRootCop_1.0</xilinx:tag>
        <xilinx:tag xilinx:name="ui.data.coregen.dd@5b6549ac_ARCHIVE_LOCATION">c:/Users/Pedro/Dropbox/UA/CR/Project/CR-Project/ip_repo/SquareRootCop_1.0</xilinx:tag>
        <xilinx:tag xilinx:name="ui.data.coregen.dd@8c12486_ARCHIVE_LOCATION">c:/Users/Pedro/Dropbox/UA/CR/Project/CR-Project/ip_repo/SquareRootCop_1.0</xilinx:tag>
        <xilinx:tag xilinx:name="ui.data.coregen.dd@62635cd7_ARCHIVE_LOCATION">c:/Users/Pedro/Dropbox/UA/CR/Project/CR-Project/ip_repo/SquareRootCop_1.0</xilinx:tag>
        <xilinx:tag xilinx:name="ui.data.coregen.dd@9bd396c_ARCHIVE_LOCATION">c:/Users/Pedro/Dropbox/UA/CR/Project/CR-Project/ip_repo/SquareRootCop_1.0</xilinx:tag>
        <xilinx:tag xilinx:name="ui.data.coregen.dd@149704f4_ARCHIVE_LOCATION">c:/Users/Pedro/Dropbox/UA/CR/Project/CR-Project/ip_repo/SquareRootCop_1.0</xilinx:tag>
        <xilinx:tag xilinx:name="ui.data.coregen.dd@2766ae5c_ARCHIVE_LOCATION">c:/Users/Pedro/Dropbox/UA/CR/Project/CR-Project/ip_repo/SquareRootCop_1.0</xilinx:tag>
        <xilinx:tag xilinx:name="ui.data.coregen.dd@2576ad7f_ARCHIVE_LOCATION">c:/Users/Pedro/Dropbox/UA/CR/Project/CR-Project/ip_repo/SquareRootCop_1.0</xilinx:tag>
        <xilinx:tag xilinx:name="ui.data.coregen.dd@7e53f15b_ARCHIVE_LOCATION">c:/Users/Pedro/Dropbox/UA/CR/Project/CR-Project/ip_repo/SquareRootCop_1.0</xilinx:tag>
        <xilinx:tag xilinx:name="ui.data.coregen.dd@525f4c5c_ARCHIVE_LOCATION">c:/Users/Pedro/Dropbox/UA/CR/Project/CR-Project/ip_repo/SquareRootCop_1.0</xilinx:tag>
        <xilinx:tag xilinx:name="ui.data.coregen.dd@384724b8_ARCHIVE_LOCATION">c:/Users/Pedro/Dropbox/UA/CR/Project/CR-Project/ip_repo/SquareRootCop_1.0</xilinx:tag>
        <xilinx:tag xilinx:name="ui.data.coregen.dd@649926a1_ARCHIVE_LOCATION">c:/Users/Pedro/Dropbox/UA/CR/Project/CR-Project/ip_repo/SquareRootCop_1.0</xilinx:tag>
        <xilinx:tag xilinx:name="ui.data.coregen.dd@cd112f9_ARCHIVE_LOCATION">c:/Users/Pedro/Dropbox/UA/CR/Project/CR-Project/ip_repo/SquareRootCop_1.0</xilinx:tag>
        <xilinx:tag xilinx:name="ui.data.coregen.dd@7a34dee3_ARCHIVE_LOCATION">c:/Users/Pedro/Dropbox/UA/CR/Project/CR-Project/ip_repo/SquareRootCop_1.0</xilinx:tag>
        <xilinx:tag xilinx:name="ui.data.coregen.dd@7bd728a1_ARCHIVE_LOCATION">c:/Users/Pedro/Dropbox/UA/CR/Project/CR-Project/ip_repo/SquareRootCop_1.0</xilinx:tag>
        <xilinx:tag xilinx:name="ui.data.coregen.dd@19c64852_ARCHIVE_LOCATION">c:/Users/Pedro/Dropbox/UA/CR/Project/CR-Project/ip_repo/SquareRootCop_1.0</xilinx:tag>
        <xilinx:tag xilinx:name="ui.data.coregen.dd@65e1976e_ARCHIVE_LOCATION">c:/Users/Pedro/Dropbox/UA/CR/Project/CR-Project/ip_repo/SquareRootCop_1.0</xilinx:tag>
        <xilinx:tag xilinx:name="ui.data.coregen.dd@4f771897_ARCHIVE_LOCATION">c:/Users/Pedro/Dropbox/UA/CR/Project/CR-Project/ip_repo/SquareRootCop_1.0</xilinx:tag>
        <xilinx:tag xilinx:name="ui.data.coregen.dd@6ec8dc93_ARCHIVE_LOCATION">c:/Users/Pedro/Dropbox/UA/CR/Project/CR-Project/ip_repo/SquareRootCop_1.0</xilinx:tag>
        <xilinx:tag xilinx:name="ui.data.coregen.dd@6880f498_ARCHIVE_LOCATION">c:/Users/Pedro/Dropbox/UA/CR/Project/CR-Project/ip_repo/SquareRootCop_1.0</xilinx:tag>
        <xilinx:tag xilinx:name="ui.data.coregen.dd@7e5b514e_ARCHIVE_LOCATION">c:/Users/Pedro/Dropbox/UA/CR/Project/CR-Project/ip_repo/SquareRootCop_1.0</xilinx:tag>
        <xilinx:tag xilinx:name="ui.data.coregen.dd@3857d4d3_ARCHIVE_LOCATION">c:/Users/Pedro/Dropbox/UA/CR/Project/CR-Project/ip_repo/SquareRootCop_1.0</xilinx:tag>
        <xilinx:tag xilinx:name="ui.data.coregen.dd@6bcb0fd8_ARCHIVE_LOCATION">c:/Users/Pedro/Dropbox/UA/CR/Project/CR-Project/ip_repo/SquareRootCop_1.0</xilinx:tag>
        <xilinx:tag xilinx:name="ui.data.coregen.dd@594f9da3_ARCHIVE_LOCATION">c:/Users/Pedro/Dropbox/UA/CR/Project/CR-Project/ip_repo/SquareRootCop_1.0</xilinx:tag>
        <xilinx:tag xilinx:name="ui.data.coregen.dd@c096ea6_ARCHIVE_LOCATION">c:/Users/Pedro/Dropbox/UA/CR/Project/CR-Project/ip_repo/SquareRootCop_1.0</xilinx:tag>
        <xilinx:tag xilinx:name="ui.data.coregen.dd@6ffcd537_ARCHIVE_LOCATION">c:/Users/Pedro/Dropbox/UA/CR/Project/CR-Project/ip_repo/SquareRootCop_1.0</xilinx:tag>
        <xilinx:tag xilinx:name="ui.data.coregen.dd@68b498bb_ARCHIVE_LOCATION">c:/Users/Pedro/Dropbox/UA/CR/Project/CR-Project/ip_repo/SquareRootCop_1.0</xilinx:tag>
        <xilinx:tag xilinx:name="ui.data.coregen.dd@636b2220_ARCHIVE_LOCATION">c:/Users/Pedro/Dropbox/UA/CR/Project/CR-Project/ip_repo/SquareRootCop_1.0</xilinx:tag>
        <xilinx:tag xilinx:name="ui.data.coregen.dd@420e8244_ARCHIVE_LOCATION">c:/Users/Pedro/Dropbox/UA/CR/Project/CR-Project/ip_repo/SquareRootCop_1.0</xilinx:tag>
        <xilinx:tag xilinx:name="ui.data.coregen.dd@5983ac6b_ARCHIVE_LOCATION">c:/Users/Pedro/Dropbox/UA/CR/Project/CR-Project/ip_repo/SquareRootCop_1.0</xilinx:tag>
        <xilinx:tag xilinx:name="ui.data.coregen.dd@3f22d358_ARCHIVE_LOCATION">c:/Users/Pedro/Dropbox/UA/CR/Project/CR-Project/ip_repo/SquareRootCop_1.0</xilinx:tag>
        <xilinx:tag xilinx:name="ui.data.coregen.dd@18b957aa_ARCHIVE_LOCATION">c:/Users/Pedro/Dropbox/UA/CR/Project/CR-Project/ip_repo/SquareRootCop_1.0</xilinx:tag>
        <xilinx:tag xilinx:name="ui.data.coregen.dd@1d6c67bb_ARCHIVE_LOCATION">c:/Users/Pedro/Dropbox/UA/CR/Project/CR-Project/ip_repo/SquareRootCop_1.0</xilinx:tag>
        <xilinx:tag xilinx:name="ui.data.coregen.dd@572af222_ARCHIVE_LOCATION">c:/Users/Pedro/Dropbox/UA/CR/Project/CR-Project/ip_repo/SquareRootCop_1.0</xilinx:tag>
        <xilinx:tag xilinx:name="ui.data.coregen.dd@3434b8fe_ARCHIVE_LOCATION">c:/Users/Pedro/Dropbox/UA/CR/Project/CR-Project/ip_repo/SquareRootCop_1.0</xilinx:tag>
        <xilinx:tag xilinx:name="ui.data.coregen.dd@1ad5ac8b_ARCHIVE_LOCATION">c:/Users/Pedro/Dropbox/UA/CR/Project/CR-Project/ip_repo/SquareRootCop_1.0</xilinx:tag>
        <xilinx:tag xilinx:name="ui.data.coregen.dd@6e669447_ARCHIVE_LOCATION">c:/Users/Pedro/Dropbox/UA/CR/Project/CR-Project/ip_repo/SquareRootCop_1.0</xilinx:tag>
        <xilinx:tag xilinx:name="ui.data.coregen.dd@120d4635_ARCHIVE_LOCATION">c:/Users/Pedro/Dropbox/UA/CR/Project/CR-Project/ip_repo/SquareRootCop_1.0</xilinx:tag>
        <xilinx:tag xilinx:name="ui.data.coregen.dd@32b65727_ARCHIVE_LOCATION">c:/Users/Pedro/Dropbox/UA/CR/Project/CR-Project/ip_repo/SquareRootCop_1.0</xilinx:tag>
        <xilinx:tag xilinx:name="ui.data.coregen.dd@1677bffe_ARCHIVE_LOCATION">c:/Users/Pedro/Dropbox/UA/CR/Project/CR-Project/ip_repo/SquareRootCop_1.0</xilinx:tag>
        <xilinx:tag xilinx:name="ui.data.coregen.dd@4b10bf44_ARCHIVE_LOCATION">c:/Users/Pedro/Dropbox/UA/CR/Project/CR-Project/ip_repo/SquareRootCop_1.0</xilinx:tag>
        <xilinx:tag xilinx:name="ui.data.coregen.dd@60e3261f_ARCHIVE_LOCATION">c:/Users/Pedro/Dropbox/UA/CR/Project/CR-Project/ip_repo/SquareRootCop_1.0</xilinx:tag>
        <xilinx:tag xilinx:name="ui.data.coregen.dd@4199c809_ARCHIVE_LOCATION">c:/Users/Pedro/Dropbox/UA/CR/Project/CR-Project/ip_repo/SquareRootCop_1.0</xilinx:tag>
        <xilinx:tag xilinx:name="ui.data.coregen.dd@43428995_ARCHIVE_LOCATION">c:/Users/Pedro/Dropbox/UA/CR/Project/CR-Project/ip_repo/SquareRootCop_1.0</xilinx:tag>
        <xilinx:tag xilinx:name="ui.data.coregen.dd@1164a86c_ARCHIVE_LOCATION">c:/Users/Pedro/Dropbox/UA/CR/Project/CR-Project/ip_repo/SquareRootCop_1.0</xilinx:tag>
        <xilinx:tag xilinx:name="ui.data.coregen.dd@78789213_ARCHIVE_LOCATION">c:/Users/Pedro/Dropbox/UA/CR/Project/CR-Project/ip_repo/SquareRootCop_1.0</xilinx:tag>
        <xilinx:tag xilinx:name="ui.data.coregen.dd@34d7f1fb_ARCHIVE_LOCATION">c:/Users/Pedro/Dropbox/UA/CR/Project/CR-Project/ip_repo/SquareRootCop_1.0</xilinx:tag>
        <xilinx:tag xilinx:name="ui.data.coregen.dd@5e410916_ARCHIVE_LOCATION">c:/Users/Pedro/Dropbox/UA/CR/Project/CR-Project/ip_repo/SquareRootCop_1.0</xilinx:tag>
        <xilinx:tag xilinx:name="ui.data.coregen.dd@60dd30c2_ARCHIVE_LOCATION">c:/Users/Pedro/Dropbox/UA/CR/Project/CR-Project/ip_repo/SquareRootCop_1.0</xilinx:tag>
        <xilinx:tag xilinx:name="ui.data.coregen.dd@7dbea45a_ARCHIVE_LOCATION">c:/Users/Pedro/Dropbox/UA/CR/Project/CR-Project/ip_repo/SquareRootCop_1.0</xilinx:tag>
        <xilinx:tag xilinx:name="ui.data.coregen.dd@1874a460_ARCHIVE_LOCATION">c:/Users/Pedro/Dropbox/UA/CR/Project/CR-Project/ip_repo/SquareRootCop_1.0</xilinx:tag>
        <xilinx:tag xilinx:name="ui.data.coregen.dd@226cb0f7_ARCHIVE_LOCATION">c:/Users/Pedro/Dropbox/UA/CR/Project/CR-Project/ip_repo/SquareRootCop_1.0</xilinx:tag>
        <xilinx:tag xilinx:name="ui.data.coregen.dd@63a3031b_ARCHIVE_LOCATION">c:/Users/Pedro/Dropbox/UA/CR/Project/CR-Project/ip_repo/SquareRootCop_1.0</xilinx:tag>
        <xilinx:tag xilinx:name="ui.data.coregen.dd@1384582c_ARCHIVE_LOCATION">c:/Users/Pedro/Dropbox/UA/CR/Project/CR-Project/ip_repo/SquareRootCop_1.0</xilinx:tag>
        <xilinx:tag xilinx:name="ui.data.coregen.dd@48e4c6c0_ARCHIVE_LOCATION">c:/Users/Pedro/Dropbox/UA/CR/Project/CR-Project/ip_repo/SquareRootCop_1.0</xilinx:tag>
        <xilinx:tag xilinx:name="ui.data.coregen.dd@6fade457_ARCHIVE_LOCATION">c:/Users/Pedro/Dropbox/UA/CR/Project/CR-Project/ip_repo/SquareRootCop_1.0</xilinx:tag>
        <xilinx:tag xilinx:name="ui.data.coregen.dd@7deabbe8_ARCHIVE_LOCATION">c:/Users/Pedro/Dropbox/UA/CR/Project/CR-Project/ip_repo/SquareRootCop_1.0</xilinx:tag>
        <xilinx:tag xilinx:name="ui.data.coregen.dd@63dacdb4_ARCHIVE_LOCATION">c:/Users/Pedro/Dropbox/UA/CR/Project/CR-Project/ip_repo/SquareRootCop_1.0</xilinx:tag>
        <xilinx:tag xilinx:name="ui.data.coregen.dd@7216d572_ARCHIVE_LOCATION">c:/Users/Pedro/Dropbox/UA/CR/Project/CR-Project/ip_repo/SquareRootCop_1.0</xilinx:tag>
        <xilinx:tag xilinx:name="ui.data.coregen.dd@19839d5a_ARCHIVE_LOCATION">c:/Users/Pedro/Dropbox/UA/CR/Project/CR-Project/ip_repo/SquareRootCop_1.0</xilinx:tag>
        <xilinx:tag xilinx:name="ui.data.coregen.dd@3c034a37_ARCHIVE_LOCATION">c:/Users/Pedro/Dropbox/UA/CR/Project/CR-Project/ip_repo/SquareRootCop_1.0</xilinx:tag>
        <xilinx:tag xilinx:name="ui.data.coregen.dd@4bcbadbf_ARCHIVE_LOCATION">c:/Users/Pedro/Dropbox/UA/CR/Project/CR-Project/ip_repo/SquareRootCop_1.0</xilinx:tag>
        <xilinx:tag xilinx:name="ui.data.coregen.dd@7d92e8a2_ARCHIVE_LOCATION">c:/Users/Pedro/Dropbox/UA/CR/Project/CR-Project/ip_repo/SquareRootCop_1.0</xilinx:tag>
        <xilinx:tag xilinx:name="ui.data.coregen.dd@2b4176a_ARCHIVE_LOCATION">c:/Users/Pedro/Dropbox/UA/CR/Project/CR-Project/ip_repo/SquareRootCop_1.0</xilinx:tag>
        <xilinx:tag xilinx:name="ui.data.coregen.dd@a54e20f_ARCHIVE_LOCATION">c:/Users/Pedro/Dropbox/UA/CR/Project/CR-Project/ip_repo/SquareRootCop_1.0</xilinx:tag>
        <xilinx:tag xilinx:name="ui.data.coregen.dd@4fe2c079_ARCHIVE_LOCATION">c:/Users/Pedro/Dropbox/UA/CR/Project/CR-Project/ip_repo/SquareRootCop_1.0</xilinx:tag>
        <xilinx:tag xilinx:name="ui.data.coregen.dd@240a1880_ARCHIVE_LOCATION">c:/Users/Pedro/Dropbox/UA/CR/Project/CR-Project/ip_repo/SquareRootCop_1.0</xilinx:tag>
        <xilinx:tag xilinx:name="ui.data.coregen.dd@7180a84e_ARCHIVE_LOCATION">c:/Users/Pedro/Dropbox/UA/CR/Project/CR-Project/ip_repo/SquareRootCop_1.0</xilinx:tag>
        <xilinx:tag xilinx:name="ui.data.coregen.dd@7edc5db1_ARCHIVE_LOCATION">c:/Users/Pedro/Dropbox/UA/CR/Project/CR-Project/ip_repo/SquareRootCop_1.0</xilinx:tag>
        <xilinx:tag xilinx:name="ui.data.coregen.dd@648228a6_ARCHIVE_LOCATION">c:/Users/Pedro/Dropbox/UA/CR/Project/CR-Project/ip_repo/SquareRootCop_1.0</xilinx:tag>
        <xilinx:tag xilinx:name="ui.data.coregen.dd@614e64_ARCHIVE_LOCATION">c:/Users/Pedro/Dropbox/UA/CR/Project/CR-Project/ip_repo/SquareRootCop_1.0</xilinx:tag>
        <xilinx:tag xilinx:name="ui.data.coregen.dd@42625521_ARCHIVE_LOCATION">c:/Users/Pedro/Dropbox/UA/CR/Project/CR-Project/ip_repo/SquareRootCop_1.0</xilinx:tag>
        <xilinx:tag xilinx:name="ui.data.coregen.dd@15eade8e_ARCHIVE_LOCATION">c:/Users/Pedro/Dropbox/UA/CR/Project/CR-Project/ip_repo/SquareRootCop_1.0</xilinx:tag>
        <xilinx:tag xilinx:name="ui.data.coregen.dd@33ca04a8_ARCHIVE_LOCATION">c:/Users/Pedro/Dropbox/UA/CR/Project/CR-Project/ip_repo/SquareRootCop_1.0</xilinx:tag>
        <xilinx:tag xilinx:name="ui.data.coregen.dd@1c2e5078_ARCHIVE_LOCATION">c:/Users/Pedro/Dropbox/UA/CR/Project/CR-Project/ip_repo/SquareRootCop_1.0</xilinx:tag>
        <xilinx:tag xilinx:name="ui.data.coregen.dd@444a9df9_ARCHIVE_LOCATION">c:/Users/Pedro/Dropbox/UA/CR/Project/CR-Project/ip_repo/SquareRootCop_1.0</xilinx:tag>
        <xilinx:tag xilinx:name="ui.data.coregen.dd@7c68aaad_ARCHIVE_LOCATION">c:/Users/Pedro/Dropbox/UA/CR/Project/CR-Project/ip_repo/SquareRootCop_1.0</xilinx:tag>
        <xilinx:tag xilinx:name="ui.data.coregen.dd@7f049_ARCHIVE_LOCATION">c:/Users/Pedro/Dropbox/UA/CR/Project/CR-Project/ip_repo/SquareRootCop_1.0</xilinx:tag>
        <xilinx:tag xilinx:name="ui.data.coregen.dd@3f07e7e3_ARCHIVE_LOCATION">c:/Users/Pedro/Dropbox/UA/CR/Project/CR-Project/ip_repo/SquareRootCop_1.0</xilinx:tag>
        <xilinx:tag xilinx:name="ui.data.coregen.dd@78da80b1_ARCHIVE_LOCATION">c:/Users/Pedro/Dropbox/UA/CR/Project/CR-Project/ip_repo/SquareRootCop_1.0</xilinx:tag>
        <xilinx:tag xilinx:name="ui.data.coregen.dd@2ca4ae18_ARCHIVE_LOCATION">c:/Users/Pedro/Dropbox/UA/CR/Project/CR-Project/ip_repo/SquareRootCop_1.0</xilinx:tag>
        <xilinx:tag xilinx:name="ui.data.coregen.dd@5e753cf0_ARCHIVE_LOCATION">c:/Users/Pedro/Dropbox/UA/CR/Project/CR-Project/ip_repo/SquareRootCop_1.0</xilinx:tag>
        <xilinx:tag xilinx:name="ui.data.coregen.dd@50358c10_ARCHIVE_LOCATION">c:/Users/Pedro/Dropbox/UA/CR/Project/CR-Project/ip_repo/SquareRootCop_1.0</xilinx:tag>
        <xilinx:tag xilinx:name="ui.data.coregen.dd@3188c4fa_ARCHIVE_LOCATION">c:/Users/Pedro/Dropbox/UA/CR/Project/CR-Project/ip_repo/SquareRootCop_1.0</xilinx:tag>
        <xilinx:tag xilinx:name="ui.data.coregen.dd@7e76b579_ARCHIVE_LOCATION">c:/Users/Pedro/Dropbox/UA/CR/Project/CR-Project/ip_repo/SquareRootCop_1.0</xilinx:tag>
        <xilinx:tag xilinx:name="ui.data.coregen.dd@5c48e757_ARCHIVE_LOCATION">c:/Users/Pedro/Dropbox/UA/CR/Project/CR-Project/ip_repo/SquareRootCop_1.0</xilinx:tag>
        <xilinx:tag xilinx:name="ui.data.coregen.dd@1bd5ee51_ARCHIVE_LOCATION">c:/Users/Pedro/Dropbox/UA/CR/Project/CR-Project/ip_repo/SquareRootCop_1.0</xilinx:tag>
        <xilinx:tag xilinx:name="ui.data.coregen.dd@5360dc4a_ARCHIVE_LOCATION">c:/Users/Pedro/Dropbox/UA/CR/Project/CR-Project/ip_repo/SquareRootCop_1.0</xilinx:tag>
        <xilinx:tag xilinx:name="ui.data.coregen.dd@27d68aae_ARCHIVE_LOCATION">c:/Users/Pedro/Dropbox/UA/CR/Project/CR-Project/ip_repo/SquareRootCop_1.0</xilinx:tag>
        <xilinx:tag xilinx:name="ui.data.coregen.dd@578e9bfe_ARCHIVE_LOCATION">c:/Users/Pedro/Dropbox/UA/CR/Project/CR-Project/ip_repo/SquareRootCop_1.0</xilinx:tag>
        <xilinx:tag xilinx:name="ui.data.coregen.dd@1ed3e1df_ARCHIVE_LOCATION">c:/Users/Pedro/Dropbox/UA/CR/Project/CR-Project/ip_repo/SquareRootCop_1.0</xilinx:tag>
        <xilinx:tag xilinx:name="ui.data.coregen.dd@11e94b0c_ARCHIVE_LOCATION">c:/Users/Pedro/Dropbox/UA/CR/Project/CR-Project/ip_repo/SquareRootCop_1.0</xilinx:tag>
        <xilinx:tag xilinx:name="ui.data.coregen.dd@3f05f80d_ARCHIVE_LOCATION">c:/Users/Pedro/Dropbox/UA/CR/Project/CR-Project/ip_repo/SquareRootCop_1.0</xilinx:tag>
        <xilinx:tag xilinx:name="ui.data.coregen.dd@1d516536_ARCHIVE_LOCATION">c:/Users/Pedro/Dropbox/UA/CR/Project/CR-Project/ip_repo/SquareRootCop_1.0</xilinx:tag>
        <xilinx:tag xilinx:name="ui.data.coregen.dd@485c840b_ARCHIVE_LOCATION">c:/Users/Pedro/Dropbox/UA/CR/Project/CR-Project/ip_repo/SquareRootCop_1.0</xilinx:tag>
        <xilinx:tag xilinx:name="ui.data.coregen.dd@245731e8_ARCHIVE_LOCATION">c:/Users/Pedro/Dropbox/UA/CR/Project/CR-Project/ip_repo/SquareRootCop_1.0</xilinx:tag>
        <xilinx:tag xilinx:name="ui.data.coregen.dd@61b3ea_ARCHIVE_LOCATION">c:/Users/Pedro/Dropbox/UA/CR/Project/CR-Project/ip_repo/SquareRootCop_1.0</xilinx:tag>
        <xilinx:tag xilinx:name="ui.data.coregen.dd@25f1b21b_ARCHIVE_LOCATION">c:/Users/Pedro/Dropbox/UA/CR/Project/CR-Project/ip_repo/SquareRootCop_1.0</xilinx:tag>
        <xilinx:tag xilinx:name="ui.data.coregen.dd@67613210_ARCHIVE_LOCATION">c:/Users/Pedro/Dropbox/UA/CR/Project/CR-Project/ip_repo/SquareRootCop_1.0</xilinx:tag>
        <xilinx:tag xilinx:name="ui.data.coregen.dd@daad9a8_ARCHIVE_LOCATION">c:/Users/Pedro/Dropbox/UA/CR/Project/CR-Project/ip_repo/SquareRootCop_1.0</xilinx:tag>
        <xilinx:tag xilinx:name="ui.data.coregen.dd@63ce754d_ARCHIVE_LOCATION">c:/Users/Pedro/Dropbox/UA/CR/Project/CR-Project/ip_repo/SquareRootCop_1.0</xilinx:tag>
        <xilinx:tag xilinx:name="ui.data.coregen.dd@7ca9f134_ARCHIVE_LOCATION">c:/Users/Pedro/Dropbox/UA/CR/Project/CR-Project/ip_repo/SquareRootCop_1.0</xilinx:tag>
        <xilinx:tag xilinx:name="ui.data.coregen.dd@ed6f7d8_ARCHIVE_LOCATION">c:/Users/Pedro/Dropbox/UA/CR/Project/CR-Project/ip_repo/SquareRootCop_1.0</xilinx:tag>
        <xilinx:tag xilinx:name="ui.data.coregen.dd@13b3c018_ARCHIVE_LOCATION">c:/Users/Pedro/Dropbox/UA/CR/Project/CR-Project/ip_repo/SquareRootCop_1.0</xilinx:tag>
        <xilinx:tag xilinx:name="ui.data.coregen.dd@773441b8_ARCHIVE_LOCATION">c:/Users/Pedro/Dropbox/UA/CR/Project/CR-Project/ip_repo/SquareRootCop_1.0</xilinx:tag>
        <xilinx:tag xilinx:name="ui.data.coregen.dd@768a822f_ARCHIVE_LOCATION">c:/Users/Pedro/Dropbox/UA/CR/Project/CR-Project/ip_repo/SquareRootCop_1.0</xilinx:tag>
        <xilinx:tag xilinx:name="ui.data.coregen.dd@5b6586fe_ARCHIVE_LOCATION">c:/Users/Pedro/Dropbox/UA/CR/Project/CR-Project/ip_repo/SquareRootCop_1.0</xilinx:tag>
        <xilinx:tag xilinx:name="ui.data.coregen.dd@1f2bba6_ARCHIVE_LOCATION">c:/Users/Pedro/Dropbox/UA/CR/Project/CR-Project/ip_repo/SquareRootCop_1.0</xilinx:tag>
        <xilinx:tag xilinx:name="ui.data.coregen.dd@59b5eac8_ARCHIVE_LOCATION">c:/Users/Pedro/Dropbox/UA/CR/Project/CR-Project/ip_repo/SquareRootCop_1.0</xilinx:tag>
        <xilinx:tag xilinx:name="ui.data.coregen.dd@18a4c0df_ARCHIVE_LOCATION">c:/Users/Pedro/Dropbox/UA/CR/Project/CR-Project/ip_repo/SquareRootCop_1.0</xilinx:tag>
        <xilinx:tag xilinx:name="ui.data.coregen.dd@33ff0154_ARCHIVE_LOCATION">c:/Users/Pedro/Dropbox/UA/CR/Project/CR-Project/ip_repo/SquareRootCop_1.0</xilinx:tag>
        <xilinx:tag xilinx:name="ui.data.coregen.dd@4bc8f3cb_ARCHIVE_LOCATION">c:/Users/Pedro/Dropbox/UA/CR/Project/CR-Project/ip_repo/SquareRootCop_1.0</xilinx:tag>
        <xilinx:tag xilinx:name="ui.data.coregen.dd@40762064_ARCHIVE_LOCATION">c:/Users/Pedro/Dropbox/UA/CR/Project/CR-Project/ip_repo/SquareRootCop_1.0</xilinx:tag>
        <xilinx:tag xilinx:name="ui.data.coregen.dd@4796ce64_ARCHIVE_LOCATION">c:/Users/Pedro/Dropbox/UA/CR/Project/CR-Project/ip_repo/SquareRootCop_1.0</xilinx:tag>
        <xilinx:tag xilinx:name="ui.data.coregen.dd@78372fdb_ARCHIVE_LOCATION">c:/Users/Pedro/Dropbox/UA/CR/Project/CR-Project/ip_repo/SquareRootCop_1.0</xilinx:tag>
        <xilinx:tag xilinx:name="ui.data.coregen.dd@7d493c6a_ARCHIVE_LOCATION">c:/Users/Pedro/Dropbox/UA/CR/Project/CR-Project/ip_repo/SquareRootCop_1.0</xilinx:tag>
        <xilinx:tag xilinx:name="ui.data.coregen.dd@775adca5_ARCHIVE_LOCATION">c:/Users/Pedro/Dropbox/UA/CR/Project/CR-Project/ip_repo/SquareRootCop_1.0</xilinx:tag>
        <xilinx:tag xilinx:name="ui.data.coregen.dd@6f7d2cef_ARCHIVE_LOCATION">c:/Users/Pedro/Dropbox/UA/CR/Project/CR-Project/ip_repo/SquareRootCop_1.0</xilinx:tag>
        <xilinx:tag xilinx:name="ui.data.coregen.dd@3b272d70_ARCHIVE_LOCATION">c:/Users/Pedro/Dropbox/UA/CR/Project/CR-Project/ip_repo/SquareRootCop_1.0</xilinx:tag>
        <xilinx:tag xilinx:name="ui.data.coregen.dd@7d1f545e_ARCHIVE_LOCATION">c:/Users/Pedro/Dropbox/UA/CR/Project/CR-Project/ip_repo/SquareRootCop_1.0</xilinx:tag>
        <xilinx:tag xilinx:name="ui.data.coregen.dd@54fcbf7b_ARCHIVE_LOCATION">c:/Users/Pedro/Dropbox/UA/CR/Project/CR-Project/ip_repo/SquareRootCop_1.0</xilinx:tag>
        <xilinx:tag xilinx:name="ui.data.coregen.dd@3006f246_ARCHIVE_LOCATION">c:/Users/Pedro/Dropbox/UA/CR/Project/CR-Project/ip_repo/SquareRootCop_1.0</xilinx:tag>
        <xilinx:tag xilinx:name="ui.data.coregen.dd@7a6d4632_ARCHIVE_LOCATION">c:/Users/Pedro/Dropbox/UA/CR/Project/CR-Project/ip_repo/SquareRootCop_1.0</xilinx:tag>
        <xilinx:tag xilinx:name="ui.data.coregen.dd@5c9a4afc_ARCHIVE_LOCATION">c:/Users/Pedro/Dropbox/UA/CR/Project/CR-Project/ip_repo/SquareRootCop_1.0</xilinx:tag>
        <xilinx:tag xilinx:name="ui.data.coregen.dd@37682f0e_ARCHIVE_LOCATION">c:/Users/Pedro/Dropbox/UA/CR/Project/CR-Project/ip_repo/SquareRootCop_1.0</xilinx:tag>
        <xilinx:tag xilinx:name="ui.data.coregen.dd@1ae5436d_ARCHIVE_LOCATION">c:/Users/Pedro/Dropbox/UA/CR/Project/CR-Project/ip_repo/SquareRootCop_1.0</xilinx:tag>
        <xilinx:tag xilinx:name="ui.data.coregen.dd@6576dd7a_ARCHIVE_LOCATION">c:/Users/Pedro/Dropbox/UA/CR/Project/CR-Project/ip_repo/SquareRootCop_1.0</xilinx:tag>
        <xilinx:tag xilinx:name="ui.data.coregen.dd@6d1910cf_ARCHIVE_LOCATION">c:/Users/Pedro/Dropbox/UA/CR/Project/CR-Project/ip_repo/SquareRootCop_1.0</xilinx:tag>
        <xilinx:tag xilinx:name="ui.data.coregen.dd@530a8929_ARCHIVE_LOCATION">c:/Users/Pedro/Dropbox/UA/CR/Project/CR-Project/ip_repo/SquareRootCop_1.0</xilinx:tag>
        <xilinx:tag xilinx:name="ui.data.coregen.dd@1c4db25_ARCHIVE_LOCATION">c:/Users/Pedro/Dropbox/UA/CR/Project/CR-Project/ip_repo/SquareRootCop_1.0</xilinx:tag>
        <xilinx:tag xilinx:name="ui.data.coregen.dd@49609361_ARCHIVE_LOCATION">c:/Users/Pedro/Dropbox/UA/CR/Project/CR-Project/ip_repo/SquareRootCop_1.0</xilinx:tag>
        <xilinx:tag xilinx:name="ui.data.coregen.dd@17bc2b3b_ARCHIVE_LOCATION">c:/Users/Pedro/Dropbox/UA/CR/Project/CR-Project/ip_repo/SquareRootCop_1.0</xilinx:tag>
        <xilinx:tag xilinx:name="ui.data.coregen.dd@5aa7e78_ARCHIVE_LOCATION">c:/Users/Pedro/Dropbox/UA/CR/Project/CR-Project/ip_repo/SquareRootCop_1.0</xilinx:tag>
        <xilinx:tag xilinx:name="ui.data.coregen.dd@21464794_ARCHIVE_LOCATION">c:/Users/Pedro/Dropbox/UA/CR/Project/CR-Project/ip_repo/SquareRootCop_1.0</xilinx:tag>
        <xilinx:tag xilinx:name="ui.data.coregen.dd@3b1d47e6_ARCHIVE_LOCATION">c:/Users/Pedro/Dropbox/UA/CR/Project/CR-Project/ip_repo/SquareRootCop_1.0</xilinx:tag>
        <xilinx:tag xilinx:name="ui.data.coregen.dd@3ba15059_ARCHIVE_LOCATION">c:/Users/Pedro/Dropbox/UA/CR/Project/CR-Project/ip_repo/SquareRootCop_1.0</xilinx:tag>
        <xilinx:tag xilinx:name="ui.data.coregen.dd@5d9f7693_ARCHIVE_LOCATION">c:/Users/Pedro/Dropbox/UA/CR/Project/CR-Project/ip_repo/SquareRootCop_1.0</xilinx:tag>
        <xilinx:tag xilinx:name="ui.data.coregen.dd@28778b19_ARCHIVE_LOCATION">c:/Users/Pedro/Dropbox/UA/CR/Project/CR-Project/ip_repo/SquareRootCop_1.0</xilinx:tag>
        <xilinx:tag xilinx:name="ui.data.coregen.dd@1d48015c_ARCHIVE_LOCATION">c:/Users/Pedro/Dropbox/UA/CR/Project/CR-Project/ip_repo/SquareRootCop_1.0</xilinx:tag>
        <xilinx:tag xilinx:name="ui.data.coregen.dd@759efea4_ARCHIVE_LOCATION">c:/Users/Pedro/Dropbox/UA/CR/Project/CR-Project/ip_repo/SquareRootCop_1.0</xilinx:tag>
        <xilinx:tag xilinx:name="ui.data.coregen.dd@74d5f16f_ARCHIVE_LOCATION">c:/Users/Pedro/Dropbox/UA/CR/Project/CR-Project/ip_repo/SquareRootCop_1.0</xilinx:tag>
        <xilinx:tag xilinx:name="ui.data.coregen.dd@6d586412_ARCHIVE_LOCATION">c:/Users/Pedro/Dropbox/UA/CR/Project/CR-Project/ip_repo/SquareRootCop_1.0</xilinx:tag>
        <xilinx:tag xilinx:name="ui.data.coregen.dd@2a917fd3_ARCHIVE_LOCATION">c:/Users/Pedro/Dropbox/UA/CR/Project/CR-Project/ip_repo/SquareRootCop_1.0</xilinx:tag>
        <xilinx:tag xilinx:name="ui.data.coregen.dd@be61f65_ARCHIVE_LOCATION">c:/Users/Pedro/Dropbox/UA/CR/Project/CR-Project/ip_repo/SquareRootCop_1.0</xilinx:tag>
        <xilinx:tag xilinx:name="ui.data.coregen.dd@7a8f6bb5_ARCHIVE_LOCATION">c:/Users/Pedro/Dropbox/UA/CR/Project/CR-Project/ip_repo/SquareRootCop_1.0</xilinx:tag>
        <xilinx:tag xilinx:name="ui.data.coregen.dd@2aa0424d_ARCHIVE_LOCATION">c:/Users/Pedro/Dropbox/UA/CR/Project/CR-Project/ip_repo/SquareRootCop_1.0</xilinx:tag>
        <xilinx:tag xilinx:name="ui.data.coregen.dd@4e08aebb_ARCHIVE_LOCATION">c:/Users/Pedro/Dropbox/UA/CR/Project/CR-Project/ip_repo/SquareRootCop_1.0</xilinx:tag>
        <xilinx:tag xilinx:name="ui.data.coregen.dd@1804d2b2_ARCHIVE_LOCATION">c:/Users/Pedro/Dropbox/UA/CR/Project/CR-Project/ip_repo/SquareRootCop_1.0</xilinx:tag>
        <xilinx:tag xilinx:name="ui.data.coregen.dd@2d80b7b9_ARCHIVE_LOCATION">c:/Users/Pedro/Dropbox/UA/CR/Project/CR-Project/ip_repo/SquareRootCop_1.0</xilinx:tag>
        <xilinx:tag xilinx:name="ui.data.coregen.dd@5f3ffe71_ARCHIVE_LOCATION">c:/Users/Pedro/Dropbox/UA/CR/Project/CR-Project/ip_repo/SquareRootCop_1.0</xilinx:tag>
        <xilinx:tag xilinx:name="ui.data.coregen.dd@41267ca5_ARCHIVE_LOCATION">c:/Users/Pedro/Dropbox/UA/CR/Project/CR-Project/ip_repo/SquareRootCop_1.0</xilinx:tag>
        <xilinx:tag xilinx:name="ui.data.coregen.dd@50317780_ARCHIVE_LOCATION">c:/Users/Pedro/Dropbox/UA/CR/Project/CR-Project/ip_repo/SquareRootCop_1.0</xilinx:tag>
        <xilinx:tag xilinx:name="ui.data.coregen.dd@b5c9f07_ARCHIVE_LOCATION">c:/Users/Pedro/Dropbox/UA/CR/Project/CR-Project/ip_repo/SquareRootCop_1.0</xilinx:tag>
        <xilinx:tag xilinx:name="ui.data.coregen.dd@2f6cec2a_ARCHIVE_LOCATION">c:/Users/Pedro/Dropbox/UA/CR/Project/CR-Project/ip_repo/SquareRootCop_1.0</xilinx:tag>
        <xilinx:tag xilinx:name="ui.data.coregen.dd@34dbbc08_ARCHIVE_LOCATION">c:/Users/Pedro/Dropbox/UA/CR/Project/CR-Project/ip_repo/SquareRootCop_1.0</xilinx:tag>
        <xilinx:tag xilinx:name="ui.data.coregen.dd@4880e846_ARCHIVE_LOCATION">c:/Users/Pedro/Dropbox/UA/CR/Project/CR-Project/ip_repo/SquareRootCop_1.0</xilinx:tag>
        <xilinx:tag xilinx:name="ui.data.coregen.dd@5a4f14c9_ARCHIVE_LOCATION">c:/Users/Pedro/Dropbox/UA/CR/Project/CR-Project/ip_repo/SquareRootCop_1.0</xilinx:tag>
        <xilinx:tag xilinx:name="ui.data.coregen.dd@972a0df_ARCHIVE_LOCATION">c:/Users/Pedro/Dropbox/UA/CR/Project/CR-Project/ip_repo/SquareRootCop_1.0</xilinx:tag>
        <xilinx:tag xilinx:name="ui.data.coregen.dd@753bf8e3_ARCHIVE_LOCATION">c:/Users/Pedro/Dropbox/UA/CR/Project/CR-Project/ip_repo/SquareRootCop_1.0</xilinx:tag>
        <xilinx:tag xilinx:name="ui.data.coregen.dd@510a79a3_ARCHIVE_LOCATION">c:/Users/Pedro/Dropbox/UA/CR/Project/CR-Project/ip_repo/SquareRootCop_1.0</xilinx:tag>
        <xilinx:tag xilinx:name="ui.data.coregen.dd@786bb45c_ARCHIVE_LOCATION">c:/Users/Pedro/Dropbox/UA/CR/Project/CR-Project/ip_repo/SquareRootCop_1.0</xilinx:tag>
        <xilinx:tag xilinx:name="ui.data.coregen.dd@2bd19874_ARCHIVE_LOCATION">c:/Users/Pedro/Dropbox/UA/CR/Project/CR-Project/ip_repo/SquareRootCop_1.0</xilinx:tag>
        <xilinx:tag xilinx:name="ui.data.coregen.dd@76237165_ARCHIVE_LOCATION">c:/Users/Pedro/Dropbox/UA/CR/Project/CR-Project/ip_repo/SquareRootCop_1.0</xilinx:tag>
        <xilinx:tag xilinx:name="ui.data.coregen.dd@4ab4fd95_ARCHIVE_LOCATION">c:/Users/Pedro/Dropbox/UA/CR/Project/CR-Project/ip_repo/SquareRootCop_1.0</xilinx:tag>
        <xilinx:tag xilinx:name="ui.data.coregen.dd@740111c_ARCHIVE_LOCATION">c:/Users/Pedro/Dropbox/UA/CR/Project/CR-Project/ip_repo/SquareRootCop_1.0</xilinx:tag>
        <xilinx:tag xilinx:name="ui.data.coregen.dd@6c54280b_ARCHIVE_LOCATION">c:/Users/Pedro/Dropbox/UA/CR/Project/CR-Project/ip_repo/SquareRootCop_1.0</xilinx:tag>
        <xilinx:tag xilinx:name="ui.data.coregen.dd@7de70a6c_ARCHIVE_LOCATION">c:/Users/Pedro/Dropbox/UA/CR/Project/CR-Project/ip_repo/SquareRootCop_1.0</xilinx:tag>
        <xilinx:tag xilinx:name="ui.data.coregen.dd@5a9fd32a_ARCHIVE_LOCATION">c:/Users/Pedro/Dropbox/UA/CR/Project/CR-Project/ip_repo/SquareRootCop_1.0</xilinx:tag>
        <xilinx:tag xilinx:name="ui.data.coregen.dd@8927c2b_ARCHIVE_LOCATION">c:/Users/Pedro/Dropbox/UA/CR/Project/CR-Project/ip_repo/SquareRootCop_1.0</xilinx:tag>
        <xilinx:tag xilinx:name="ui.data.coregen.dd@26ed8f78_ARCHIVE_LOCATION">c:/Users/Pedro/Dropbox/UA/CR/Project/CR-Project/ip_repo/SquareRootCop_1.0</xilinx:tag>
        <xilinx:tag xilinx:name="ui.data.coregen.dd@6f0fe91f_ARCHIVE_LOCATION">c:/Users/Pedro/Dropbox/UA/CR/Project/CR-Project/ip_repo/SquareRootCop_1.0</xilinx:tag>
        <xilinx:tag xilinx:name="ui.data.coregen.dd@63001600_ARCHIVE_LOCATION">c:/Users/Pedro/Dropbox/UA/CR/Project/CR-Project/ip_repo/SquareRootCop_1.0</xilinx:tag>
        <xilinx:tag xilinx:name="ui.data.coregen.dd@6103a7a3_ARCHIVE_LOCATION">c:/Users/Pedro/Dropbox/UA/CR/Project/CR-Project/ip_repo/SquareRootCop_1.0</xilinx:tag>
        <xilinx:tag xilinx:name="ui.data.coregen.dd@6dfc4814_ARCHIVE_LOCATION">c:/Users/Pedro/Dropbox/UA/CR/Project/CR-Project/ip_repo/SquareRootCop_1.0</xilinx:tag>
        <xilinx:tag xilinx:name="ui.data.coregen.dd@404384a2_ARCHIVE_LOCATION">c:/Users/Pedro/Dropbox/UA/CR/Project/CR-Project/ip_repo/SquareRootCop_1.0</xilinx:tag>
        <xilinx:tag xilinx:name="ui.data.coregen.dd@3888dbf1_ARCHIVE_LOCATION">c:/Users/Pedro/Dropbox/UA/CR/Project/CR-Project/ip_repo/SquareRootCop_1.0</xilinx:tag>
        <xilinx:tag xilinx:name="ui.data.coregen.dd@3b3ff8ac_ARCHIVE_LOCATION">c:/Users/Pedro/Dropbox/UA/CR/Project/CR-Project/ip_repo/SquareRootCop_1.0</xilinx:tag>
        <xilinx:tag xilinx:name="ui.data.coregen.dd@6a2b41a7_ARCHIVE_LOCATION">c:/Users/Pedro/Dropbox/UA/CR/Project/CR-Project/ip_repo/SquareRootCop_1.0</xilinx:tag>
        <xilinx:tag xilinx:name="ui.data.coregen.dd@100d1fde_ARCHIVE_LOCATION">c:/Users/Pedro/Dropbox/UA/CR/Project/CR-Project/ip_repo/SquareRootCop_1.0</xilinx:tag>
        <xilinx:tag xilinx:name="ui.data.coregen.dd@fe405df_ARCHIVE_LOCATION">c:/Users/Pedro/Dropbox/UA/CR/Project/CR-Project/ip_repo/SquareRootCop_1.0</xilinx:tag>
        <xilinx:tag xilinx:name="ui.data.coregen.dd@539135d8_ARCHIVE_LOCATION">c:/Users/Pedro/Dropbox/UA/CR/Project/CR-Project/ip_repo/SquareRootCop_1.0</xilinx:tag>
        <xilinx:tag xilinx:name="ui.data.coregen.dd@4beca1d6_ARCHIVE_LOCATION">c:/Users/Pedro/Dropbox/UA/CR/Project/CR-Project/ip_repo/SquareRootCop_1.0</xilinx:tag>
        <xilinx:tag xilinx:name="ui.data.coregen.dd@1a1fd694_ARCHIVE_LOCATION">c:/Users/Pedro/Dropbox/UA/CR/Project/CR-Project/ip_repo/SquareRootCop_1.0</xilinx:tag>
        <xilinx:tag xilinx:name="ui.data.coregen.dd@226a52d1_ARCHIVE_LOCATION">c:/Users/Pedro/Dropbox/UA/CR/Project/CR-Project/ip_repo/SquareRootCop_1.0</xilinx:tag>
        <xilinx:tag xilinx:name="ui.data.coregen.dd@4e63fc57_ARCHIVE_LOCATION">c:/Users/Pedro/Dropbox/UA/CR/Project/CR-Project/ip_repo/SquareRootCop_1.0</xilinx:tag>
        <xilinx:tag xilinx:name="ui.data.coregen.dd@785dc4c0_ARCHIVE_LOCATION">c:/Users/Pedro/Dropbox/UA/CR/Project/CR-Project/ip_repo/SquareRootCop_1.0</xilinx:tag>
        <xilinx:tag xilinx:name="ui.data.coregen.dd@70bf3dda_ARCHIVE_LOCATION">c:/Users/Pedro/Dropbox/UA/CR/Project/CR-Project/ip_repo/SquareRootCop_1.0</xilinx:tag>
        <xilinx:tag xilinx:name="ui.data.coregen.dd@6bc554fc_ARCHIVE_LOCATION">c:/Users/Pedro/Dropbox/UA/CR/Project/CR-Project/ip_repo/SquareRootCop_1.0</xilinx:tag>
        <xilinx:tag xilinx:name="ui.data.coregen.dd@a10d849_ARCHIVE_LOCATION">c:/Users/Pedro/Dropbox/UA/CR/Project/CR-Project/ip_repo/SquareRootCop_1.0</xilinx:tag>
        <xilinx:tag xilinx:name="ui.data.coregen.dd@23cd98fd_ARCHIVE_LOCATION">c:/Users/Pedro/Dropbox/UA/CR/Project/CR-Project/ip_repo/SquareRootCop_1.0</xilinx:tag>
        <xilinx:tag xilinx:name="ui.data.coregen.dd@776d5aac_ARCHIVE_LOCATION">c:/Users/Pedro/Dropbox/UA/CR/Project/CR-Project/ip_repo/SquareRootCop_1.0</xilinx:tag>
        <xilinx:tag xilinx:name="ui.data.coregen.dd@e9bf206_ARCHIVE_LOCATION">c:/Users/Pedro/Dropbox/UA/CR/Project/CR-Project/ip_repo/SquareRootCop_1.0</xilinx:tag>
        <xilinx:tag xilinx:name="ui.data.coregen.dd@20b8565a_ARCHIVE_LOCATION">c:/Users/Pedro/Dropbox/UA/CR/Project/CR-Project/ip_repo/SquareRootCop_1.0</xilinx:tag>
        <xilinx:tag xilinx:name="ui.data.coregen.dd@5fedd386_ARCHIVE_LOCATION">c:/Users/Pedro/Dropbox/UA/CR/Project/CR-Project/ip_repo/SquareRootCop_1.0</xilinx:tag>
        <xilinx:tag xilinx:name="ui.data.coregen.dd@5dc6f87c_ARCHIVE_LOCATION">c:/Users/Pedro/Dropbox/UA/CR/Project/CR-Project/ip_repo/SquareRootCop_1.0</xilinx:tag>
        <xilinx:tag xilinx:name="ui.data.coregen.dd@3bf83742_ARCHIVE_LOCATION">c:/Users/Pedro/Dropbox/UA/CR/Project/CR-Project/ip_repo/SquareRootCop_1.0</xilinx:tag>
        <xilinx:tag xilinx:name="ui.data.coregen.dd@73d55c1b_ARCHIVE_LOCATION">c:/Users/Pedro/Dropbox/UA/CR/Project/CR-Project/ip_repo/SquareRootCop_1.0</xilinx:tag>
        <xilinx:tag xilinx:name="ui.data.coregen.dd@67d92fda_ARCHIVE_LOCATION">c:/Users/Pedro/Dropbox/UA/CR/Project/CR-Project/ip_repo/SquareRootCop_1.0</xilinx:tag>
        <xilinx:tag xilinx:name="ui.data.coregen.dd@412fd50b_ARCHIVE_LOCATION">c:/Users/Pedro/Dropbox/UA/CR/Project/CR-Project/ip_repo/SquareRootCop_1.0</xilinx:tag>
        <xilinx:tag xilinx:name="ui.data.coregen.dd@35a6bf82_ARCHIVE_LOCATION">c:/Users/Pedro/Dropbox/UA/CR/Project/CR-Project/ip_repo/SquareRootCop_1.0</xilinx:tag>
        <xilinx:tag xilinx:name="ui.data.coregen.dd@5ea167b3_ARCHIVE_LOCATION">c:/Users/Pedro/Dropbox/UA/CR/Project/CR-Project/ip_repo/SquareRootCop_1.0</xilinx:tag>
        <xilinx:tag xilinx:name="ui.data.coregen.dd@6d5ec488_ARCHIVE_LOCATION">c:/Users/Pedro/Dropbox/UA/CR/Project/CR-Project/ip_repo/SquareRootCop_1.0</xilinx:tag>
        <xilinx:tag xilinx:name="ui.data.coregen.dd@4a1a4bc0_ARCHIVE_LOCATION">c:/Users/Pedro/Dropbox/UA/CR/Project/CR-Project/ip_repo/SquareRootCop_1.0</xilinx:tag>
        <xilinx:tag xilinx:name="ui.data.coregen.dd@48f1d653_ARCHIVE_LOCATION">c:/Users/Pedro/Dropbox/UA/CR/Project/CR-Project/ip_repo/SquareRootCop_1.0</xilinx:tag>
        <xilinx:tag xilinx:name="ui.data.coregen.dd@62c13e2_ARCHIVE_LOCATION">c:/Users/Pedro/Dropbox/UA/CR/Project/CR-Project/ip_repo/SquareRootCop_1.0</xilinx:tag>
        <xilinx:tag xilinx:name="ui.data.coregen.dd@4299c403_ARCHIVE_LOCATION">c:/Users/Pedro/Dropbox/UA/CR/Project/CR-Project/ip_repo/SquareRootCop_1.0</xilinx:tag>
        <xilinx:tag xilinx:name="ui.data.coregen.dd@23ce3d6b_ARCHIVE_LOCATION">c:/Users/Pedro/Dropbox/UA/CR/Project/CR-Project/ip_repo/SquareRootCop_1.0</xilinx:tag>
        <xilinx:tag xilinx:name="ui.data.coregen.dd@2267a96d_ARCHIVE_LOCATION">c:/Users/Pedro/Dropbox/UA/CR/Project/CR-Project/ip_repo/SquareRootCop_1.0</xilinx:tag>
        <xilinx:tag xilinx:name="ui.data.coregen.dd@4d025f5f_ARCHIVE_LOCATION">c:/Users/Pedro/Dropbox/UA/CR/Project/CR-Project/ip_repo/SquareRootCop_1.0</xilinx:tag>
        <xilinx:tag xilinx:name="ui.data.coregen.dd@4d762298_ARCHIVE_LOCATION">c:/Users/Pedro/Dropbox/UA/CR/Project/CR-Project/ip_repo/SquareRootCop_1.0</xilinx:tag>
        <xilinx:tag xilinx:name="ui.data.coregen.dd@4ecf987f_ARCHIVE_LOCATION">c:/Users/Pedro/Dropbox/UA/CR/Project/CR-Project/ip_repo/SquareRootCop_1.0</xilinx:tag>
        <xilinx:tag xilinx:name="ui.data.coregen.dd@64f47727_ARCHIVE_LOCATION">c:/Users/Pedro/Dropbox/UA/CR/Project/CR-Project/ip_repo/SquareRootCop_1.0</xilinx:tag>
        <xilinx:tag xilinx:name="ui.data.coregen.dd@32fb50_ARCHIVE_LOCATION">c:/Users/Pedro/Dropbox/UA/CR/Project/CR-Project/ip_repo/SquareRootCop_1.0</xilinx:tag>
        <xilinx:tag xilinx:name="ui.data.coregen.dd@8dc7da0_ARCHIVE_LOCATION">c:/Users/Pedro/Dropbox/UA/CR/Project/CR-Project/ip_repo/SquareRootCop_1.0</xilinx:tag>
        <xilinx:tag xilinx:name="ui.data.coregen.dd@325d277b_ARCHIVE_LOCATION">c:/Users/Pedro/Dropbox/UA/CR/Project/CR-Project/ip_repo/SquareRootCop_1.0</xilinx:tag>
        <xilinx:tag xilinx:name="ui.data.coregen.dd@753ef6f2_ARCHIVE_LOCATION">c:/Users/Pedro/Dropbox/UA/CR/Project/CR-Project/ip_repo/SquareRootCop_1.0</xilinx:tag>
        <xilinx:tag xilinx:name="ui.data.coregen.dd@e1e8218_ARCHIVE_LOCATION">c:/Users/Pedro/Dropbox/UA/CR/Project/CR-Project/ip_repo/SquareRootCop_1.0</xilinx:tag>
        <xilinx:tag xilinx:name="ui.data.coregen.dd@7e540de0_ARCHIVE_LOCATION">c:/Users/Pedro/Dropbox/UA/CR/Project/CR-Project/ip_repo/SquareRootCop_1.0</xilinx:tag>
        <xilinx:tag xilinx:name="ui.data.coregen.dd@1d63b278_ARCHIVE_LOCATION">c:/Users/Pedro/Dropbox/UA/CR/Project/CR-Project/ip_repo/SquareRootCop_1.0</xilinx:tag>
        <xilinx:tag xilinx:name="ui.data.coregen.dd@1cb4eed8_ARCHIVE_LOCATION">c:/Users/Pedro/Dropbox/UA/CR/Project/CR-Project/ip_repo/SquareRootCop_1.0</xilinx:tag>
        <xilinx:tag xilinx:name="ui.data.coregen.dd@1130525a_ARCHIVE_LOCATION">c:/Users/Pedro/Dropbox/UA/CR/Project/CR-Project/ip_repo/SquareRootCop_1.0</xilinx:tag>
        <xilinx:tag xilinx:name="ui.data.coregen.dd@1f275be2_ARCHIVE_LOCATION">c:/Users/Pedro/Dropbox/UA/CR/Project/CR-Project/ip_repo/SquareRootCop_1.0</xilinx:tag>
        <xilinx:tag xilinx:name="ui.data.coregen.dd@7035b8ed_ARCHIVE_LOCATION">c:/Users/Pedro/Dropbox/UA/CR/Project/CR-Project/ip_repo/SquareRootCop_1.0</xilinx:tag>
        <xilinx:tag xilinx:name="ui.data.coregen.dd@3916cef_ARCHIVE_LOCATION">c:/Users/Pedro/Dropbox/UA/CR/Project/CR-Project/ip_repo/SquareRootCop_1.0</xilinx:tag>
        <xilinx:tag xilinx:name="ui.data.coregen.dd@39a91976_ARCHIVE_LOCATION">c:/Users/Pedro/Dropbox/UA/CR/Project/CR-Project/ip_repo/SquareRootCop_1.0</xilinx:tag>
        <xilinx:tag xilinx:name="ui.data.coregen.dd@2d86f5bd_ARCHIVE_LOCATION">c:/Users/Pedro/Dropbox/UA/CR/Project/CR-Project/ip_repo/SquareRootCop_1.0</xilinx:tag>
      </xilinx:tags>
      <xilinx:configElementInfos>
        <xilinx:configElementInfo xilinx:referenceId="BUSIFPARAM_VALUE.M00_AXIS.CLK_DOMAIN" xilinx:valueSource="ip_propagated" xilinx:valuePermission="bd"/>
        <xilinx:configElementInfo xilinx:referenceId="BUSIFPARAM_VALUE.M00_AXIS.FREQ_HZ" xilinx:valueSource="ip_propagated" xilinx:valuePermission="bd"/>
        <xilinx:configElementInfo xilinx:referenceId="BUSIFPARAM_VALUE.M00_AXIS.HAS_TKEEP" xilinx:valueSource="constant" xilinx:valuePermission="bd"/>
        <xilinx:configElementInfo xilinx:referenceId="BUSIFPARAM_VALUE.M00_AXIS.HAS_TLAST" xilinx:valueSource="constant" xilinx:valuePermission="bd"/>
        <xilinx:configElementInfo xilinx:referenceId="BUSIFPARAM_VALUE.M00_AXIS.HAS_TREADY" xilinx:valueSource="constant" xilinx:valuePermission="bd"/>
        <xilinx:configElementInfo xilinx:referenceId="BUSIFPARAM_VALUE.M00_AXIS.HAS_TSTRB" xilinx:valueSource="auto" xilinx:valuePermission="bd"/>
        <xilinx:configElementInfo xilinx:referenceId="BUSIFPARAM_VALUE.M00_AXIS.LAYERED_METADATA" xilinx:valuePermission="bd"/>
        <xilinx:configElementInfo xilinx:referenceId="BUSIFPARAM_VALUE.M00_AXIS.PHASE" xilinx:valueSource="ip_propagated" xilinx:valuePermission="bd"/>
        <xilinx:configElementInfo xilinx:referenceId="BUSIFPARAM_VALUE.M00_AXIS.TDATA_NUM_BYTES" xilinx:valueSource="auto" xilinx:valuePermission="bd"/>
        <xilinx:configElementInfo xilinx:referenceId="BUSIFPARAM_VALUE.M00_AXIS.TDEST_WIDTH" xilinx:valueSource="constant" xilinx:valuePermission="bd"/>
        <xilinx:configElementInfo xilinx:referenceId="BUSIFPARAM_VALUE.M00_AXIS.TID_WIDTH" xilinx:valueSource="constant" xilinx:valuePermission="bd"/>
        <xilinx:configElementInfo xilinx:referenceId="BUSIFPARAM_VALUE.M00_AXIS.TUSER_WIDTH" xilinx:valueSource="constant" xilinx:valuePermission="bd"/>
        <xilinx:configElementInfo xilinx:referenceId="BUSIFPARAM_VALUE.M00_AXIS.WIZ_DATA_WIDTH" xilinx:valuePermission="bd"/>
        <xilinx:configElementInfo xilinx:referenceId="BUSIFPARAM_VALUE.M00_AXIS_CLK.ASSOCIATED_BUSIF" xilinx:valuePermission="bd"/>
        <xilinx:configElementInfo xilinx:referenceId="BUSIFPARAM_VALUE.M00_AXIS_CLK.ASSOCIATED_RESET" xilinx:valuePermission="bd"/>
        <xilinx:configElementInfo xilinx:referenceId="BUSIFPARAM_VALUE.M00_AXIS_CLK.CLK_DOMAIN" xilinx:valueSource="ip_propagated" xilinx:valuePermission="bd"/>
        <xilinx:configElementInfo xilinx:referenceId="BUSIFPARAM_VALUE.M00_AXIS_CLK.FREQ_HZ" xilinx:valueSource="ip_propagated" xilinx:valuePermission="bd"/>
        <xilinx:configElementInfo xilinx:referenceId="BUSIFPARAM_VALUE.M00_AXIS_CLK.PHASE" xilinx:valueSource="ip_propagated" xilinx:valuePermission="bd"/>
        <xilinx:configElementInfo xilinx:referenceId="BUSIFPARAM_VALUE.M00_AXIS_RST.POLARITY" xilinx:valuePermission="bd"/>
        <xilinx:configElementInfo xilinx:referenceId="BUSIFPARAM_VALUE.S00_AXIS.CLK_DOMAIN" xilinx:valueSource="ip_propagated" xilinx:valuePermission="bd"/>
        <xilinx:configElementInfo xilinx:referenceId="BUSIFPARAM_VALUE.S00_AXIS.FREQ_HZ" xilinx:valueSource="ip_propagated" xilinx:valuePermission="bd"/>
        <xilinx:configElementInfo xilinx:referenceId="BUSIFPARAM_VALUE.S00_AXIS.HAS_TKEEP" xilinx:valueSource="constant" xilinx:valuePermission="bd"/>
        <xilinx:configElementInfo xilinx:referenceId="BUSIFPARAM_VALUE.S00_AXIS.HAS_TLAST" xilinx:valueSource="constant" xilinx:valuePermission="bd"/>
        <xilinx:configElementInfo xilinx:referenceId="BUSIFPARAM_VALUE.S00_AXIS.HAS_TREADY" xilinx:valueSource="constant" xilinx:valuePermission="bd"/>
        <xilinx:configElementInfo xilinx:referenceId="BUSIFPARAM_VALUE.S00_AXIS.HAS_TSTRB" xilinx:valueSource="propagated" xilinx:valuePermission="bd"/>
        <xilinx:configElementInfo xilinx:referenceId="BUSIFPARAM_VALUE.S00_AXIS.LAYERED_METADATA" xilinx:valuePermission="bd"/>
        <xilinx:configElementInfo xilinx:referenceId="BUSIFPARAM_VALUE.S00_AXIS.PHASE" xilinx:valueSource="ip_propagated" xilinx:valuePermission="bd"/>
        <xilinx:configElementInfo xilinx:referenceId="BUSIFPARAM_VALUE.S00_AXIS.TDATA_NUM_BYTES" xilinx:valueSource="auto_prop" xilinx:valuePermission="bd"/>
        <xilinx:configElementInfo xilinx:referenceId="BUSIFPARAM_VALUE.S00_AXIS.TDEST_WIDTH" xilinx:valueSource="constant" xilinx:valuePermission="bd"/>
        <xilinx:configElementInfo xilinx:referenceId="BUSIFPARAM_VALUE.S00_AXIS.TID_WIDTH" xilinx:valueSource="constant" xilinx:valuePermission="bd"/>
        <xilinx:configElementInfo xilinx:referenceId="BUSIFPARAM_VALUE.S00_AXIS.TUSER_WIDTH" xilinx:valueSource="constant" xilinx:valuePermission="bd"/>
        <xilinx:configElementInfo xilinx:referenceId="BUSIFPARAM_VALUE.S00_AXIS.WIZ_DATA_WIDTH" xilinx:valuePermission="bd"/>
        <xilinx:configElementInfo xilinx:referenceId="BUSIFPARAM_VALUE.S00_AXIS_CLK.ASSOCIATED_BUSIF" xilinx:valuePermission="bd"/>
        <xilinx:configElementInfo xilinx:referenceId="BUSIFPARAM_VALUE.S00_AXIS_CLK.ASSOCIATED_RESET" xilinx:valuePermission="bd"/>
        <xilinx:configElementInfo xilinx:referenceId="BUSIFPARAM_VALUE.S00_AXIS_CLK.CLK_DOMAIN" xilinx:valueSource="ip_propagated" xilinx:valuePermission="bd"/>
        <xilinx:configElementInfo xilinx:referenceId="BUSIFPARAM_VALUE.S00_AXIS_CLK.FREQ_HZ" xilinx:valueSource="ip_propagated" xilinx:valuePermission="bd"/>
        <xilinx:configElementInfo xilinx:referenceId="BUSIFPARAM_VALUE.S00_AXIS_CLK.PHASE" xilinx:valueSource="ip_propagated" xilinx:valuePermission="bd"/>
        <xilinx:configElementInfo xilinx:referenceId="BUSIFPARAM_VALUE.S00_AXIS_RST.POLARITY" xilinx:valuePermission="bd"/>
      </xilinx:configElementInfos>
    </xilinx:coreExtensions>
    <xilinx:packagingInfo>
      <xilinx:xilinxVersion>2019.2</xilinx:xilinxVersion>
      <xilinx:checksum xilinx:scope="busInterfaces" xilinx:value="f0de1866"/>
      <xilinx:checksum xilinx:scope="fileGroups" xilinx:value="38eca868"/>
      <xilinx:checksum xilinx:scope="ports" xilinx:value="dae3f1db"/>
      <xilinx:checksum xilinx:scope="hdlParameters" xilinx:value="12ea46e6"/>
      <xilinx:checksum xilinx:scope="parameters" xilinx:value="e7d1dc12"/>
    </xilinx:packagingInfo>
  </spirit:vendorExtensions>
</spirit:component>
