<?xml version="1.0"?>
<Runs Version="1" Minor="0">
	<Run Id="mb_design_xbar_0_synth_1" LaunchDir="C:/Users/Pedro/Dropbox/UA/CR/Project/CR-Project/SquareRootCop/SquareRootCop.runs/mb_design_xbar_0_synth_1" FlowId="Vivado_Synthesis" FromStepId="vivado" ToStepId="vivado"/>
	<Run Id="mb_design_axi_dma_1_0_synth_1" LaunchDir="C:/Users/Pedro/Dropbox/UA/CR/Project/CR-Project/SquareRootCop/SquareRootCop.runs/mb_design_axi_dma_1_0_synth_1" FlowId="Vivado_Synthesis" FromStepId="vivado" ToStepId="vivado"/>
	<Run Id="mb_design_SquareRootCop_0_0_synth_1" LaunchDir="C:/Users/Pedro/Dropbox/UA/CR/Project/CR-Project/SquareRootCop/SquareRootCop.runs/mb_design_SquareRootCop_0_0_synth_1" FlowId="Vivado_Synthesis" FromStepId="vivado" ToStepId="vivado"/>
	<Run Id="mb_design_auto_pc_9_synth_1" LaunchDir="C:/Users/Pedro/Dropbox/UA/CR/Project/CR-Project/SquareRootCop/SquareRootCop.runs/mb_design_auto_pc_9_synth_1" FlowId="Vivado_Synthesis" FromStepId="vivado" ToStepId="vivado"/>
	<Run Id="mb_design_auto_pc_0_synth_1" LaunchDir="C:/Users/Pedro/Dropbox/UA/CR/Project/CR-Project/SquareRootCop/SquareRootCop.runs/mb_design_auto_pc_0_synth_1" FlowId="Vivado_Synthesis" FromStepId="vivado" ToStepId="vivado"/>
	<Run Id="mb_design_auto_pc_1_synth_1" LaunchDir="C:/Users/Pedro/Dropbox/UA/CR/Project/CR-Project/SquareRootCop/SquareRootCop.runs/mb_design_auto_pc_1_synth_1" FlowId="Vivado_Synthesis" FromStepId="vivado" ToStepId="vivado" IsOrderedIPRun="true">
		<Parent Id="mb_design_auto_pc_0_synth_1"/>
	</Run>
	<Run Id="mb_design_auto_pc_2_synth_1" LaunchDir="C:/Users/Pedro/Dropbox/UA/CR/Project/CR-Project/SquareRootCop/SquareRootCop.runs/mb_design_auto_pc_2_synth_1" FlowId="Vivado_Synthesis" FromStepId="vivado" ToStepId="vivado" IsOrderedIPRun="true">
		<Parent Id="mb_design_auto_pc_0_synth_1"/>
	</Run>
	<Run Id="mb_design_auto_pc_3_synth_1" LaunchDir="C:/Users/Pedro/Dropbox/UA/CR/Project/CR-Project/SquareRootCop/SquareRootCop.runs/mb_design_auto_pc_3_synth_1" FlowId="Vivado_Synthesis" FromStepId="vivado" ToStepId="vivado" IsOrderedIPRun="true">
		<Parent Id="mb_design_auto_pc_0_synth_1"/>
	</Run>
	<Run Id="mb_design_auto_pc_4_synth_1" LaunchDir="C:/Users/Pedro/Dropbox/UA/CR/Project/CR-Project/SquareRootCop/SquareRootCop.runs/mb_design_auto_pc_4_synth_1" FlowId="Vivado_Synthesis" FromStepId="vivado" ToStepId="vivado" IsOrderedIPRun="true">
		<Parent Id="mb_design_auto_pc_0_synth_1"/>
	</Run>
	<Run Id="mb_design_auto_pc_5_synth_1" LaunchDir="C:/Users/Pedro/Dropbox/UA/CR/Project/CR-Project/SquareRootCop/SquareRootCop.runs/mb_design_auto_pc_5_synth_1" FlowId="Vivado_Synthesis" FromStepId="vivado" ToStepId="vivado" IsOrderedIPRun="true">
		<Parent Id="mb_design_auto_pc_0_synth_1"/>
	</Run>
	<Run Id="mb_design_auto_pc_6_synth_1" LaunchDir="C:/Users/Pedro/Dropbox/UA/CR/Project/CR-Project/SquareRootCop/SquareRootCop.runs/mb_design_auto_pc_6_synth_1" FlowId="Vivado_Synthesis" FromStepId="vivado" ToStepId="vivado" IsOrderedIPRun="true">
		<Parent Id="mb_design_auto_pc_0_synth_1"/>
	</Run>
	<Run Id="mb_design_auto_pc_7_synth_1" LaunchDir="C:/Users/Pedro/Dropbox/UA/CR/Project/CR-Project/SquareRootCop/SquareRootCop.runs/mb_design_auto_pc_7_synth_1" FlowId="Vivado_Synthesis" FromStepId="vivado" ToStepId="vivado" IsOrderedIPRun="true">
		<Parent Id="mb_design_auto_pc_0_synth_1"/>
	</Run>
	<Run Id="mb_design_auto_pc_8_synth_1" LaunchDir="C:/Users/Pedro/Dropbox/UA/CR/Project/CR-Project/SquareRootCop/SquareRootCop.runs/mb_design_auto_pc_8_synth_1" FlowId="Vivado_Synthesis" FromStepId="vivado" ToStepId="vivado" IsOrderedIPRun="true">
		<Parent Id="mb_design_auto_pc_0_synth_1"/>
	</Run>
	<Parameters>
		<Parameter Name="runs.monitorLSFJobs" Val="true" Type="bool"/>
		<Parameter Name="runs.enableClusterConf" Val="true" Type="bool"/>
	</Parameters>
</Runs>

